stock_code,company_name,market,yahoo_symbol,symbol_resolution_status,concept_name,source_url,forecast_asof_date,next_investor_event_date,days_to_investor_event,earnings_0q_avg,earnings_1q_avg,earnings_0y_avg,earnings_1y_avg,revenue_0q_avg,revenue_1q_avg,revenue_0y_avg,revenue_1y_avg,growth_5y_stock,eps_revision_0q_up_7d,eps_revision_0q_down_7d,eps_revision_0q_up_30d,eps_revision_0q_down_30d,eps_trend_0y_current,eps_trend_0y_90d_ago,eps_trend_1y_current,eps_trend_1y_90d_ago,last_earnings_date,last_eps_estimate,last_eps_actual,eps_beat_count_4q,eps_surprise_avg_4q_pct,factset_available,factset_md_latest_date,factset_quality_score,factset_eps_current_year_avg,eps_current_year_diff,eps_current_year_diff_pct,factset_eps_next_year_avg,eps_next_year_diff,eps_next_year_diff_pct,factset_revenue_current_year_avg,revenue_current_year_diff,revenue_current_year_diff_pct,factset_revenue_next_year_avg,revenue_next_year_diff,revenue_next_year_diff_pct,factset_revenue_scale_applied,cross_check_status,cross_check_notes,forecast_signal_status,forecast_confidence,fetch_status,error_message,download_timestamp,process_timestamp
2308,台達電,TW,2308.TW,resolved,,https://hk.finance.yahoo.com/quote/2308.TW/analysis/,2026-07-21,,,9.79404,11.33689,40.76761,66.21275,184825711990.0,210028881380.0,772508840350.0,1085750414840.0,0.7664,2.0,0.0,2.0,0.0,40.76761,37.34412,66.21275,52.92587,2026-03-31 00:00:00,7.4582,7.0,2/4,1.84,true,,9.7,37.97,2.79761,0.073679,57.27,8.94275,0.156151,742493960000.0,30014880350.0,0.040424,986104680000.0,99645734840.0,0.10105,revenue_current_year=1000; revenue_next_year=1000,matched,,fresh,85,success,,2026-07-21 11:01:54,2026-07-21 11:05:12
2317,鴻海,TW,2317.TW,resolved,,https://hk.finance.yahoo.com/quote/2317.TW/analysis/,2026-07-21,,,4.01895,4.67935,17.52946,21.47227,2402306752690.0,2748926682070.0,10381394060120.0,12745867675120.0,0.3082,2.0,0.0,10.0,2.0,17.52946,17.02118,21.47227,20.15025,2026-03-31 00:00:00,3.50884,3.56,3/4,2.5375,true,,9.7,17.72,-0.19054,-0.010753,21.39,0.08227,0.003846,10280759420000.0,100634640120.0,0.009789,12744682950000.0,1184725120.0,9.3e-05,revenue_current_year=1000; revenue_next_year=1000,matched,,fresh,85,success,,2026-07-21 11:01:55,2026-07-21 11:05:12
2324,仁寶,TW,2324.TW,resolved,,https://hk.finance.yahoo.com/quote/2324.TW/analysis/,2026-07-21,,,0.46667,0.65667,2.147,2.49917,220948976030.0,235386356780.0,905402917080.0,1012581765650.0,0.5672,1.0,0.0,0.0,0.0,2.147,2.08344,2.49917,2.48415,2026-03-31 00:00:00,0.43629,0.45,1/4,-21.29,false,,,,,,,,,,,,,,,,missing_factset,Symbol not found in FactSet report,fresh,70,success,,2026-07-21 11:01:56,2026-07-21 11:05:12
2330,台積電,TW,2330.TW,resolved,,https://hk.finance.yahoo.com/quote/2330.TW/analysis/,2026-07-21,,,27.94951,30.49813,106.35105,136.06284,1446304992240.0,1580726731690.0,5375623083050.0,7050890808430.0,0.6053,8.0,0.0,10.0,0.0,106.35105,97.5508,136.06284,120.38334,2026-06-30 00:00:00,24.22605,27.25,4/4,8.895,true,,10.0,99.28,7.07105,0.071223,126.86,9.20284,0.072543,5203803910000.0,171819173050.0,0.033018,6686157220000.0,364733588430.0,0.054551,revenue_current_year=1000; revenue_next_year=1000,matched,,fresh,85,success,,2026-07-21 11:01:57,2026-07-21 11:05:12
2347,聯強,TW,2347.TW,resolved,,https://hk.finance.yahoo.com/quote/2347.TW/analysis/,2026-07-21,,,2.3,2.305,8.83,9.96,166717500000.0,163553500000.0,627439000000.0,685659000000.0,0.7382,1.0,0.0,1.0,0.0,8.83,5.895,9.96,5.995,2026-03-31 00:00:00,1.275,1.0,2/4,-7.455,false,,,,,,,,,,,,,,,,missing_factset,Symbol not found in FactSet report,fresh,70,success,,2026-07-21 11:01:58,2026-07-21 11:05:12
2354,鴻準,TW,2354.TW,resolved,,https://hk.finance.yahoo.com/quote/2354.TW/analysis/,2026-07-21,,,0.94,1.04,3.93,,40967000000.0,41357000000.0,159967000000.0,0.0,0.694,1.0,0.0,1.0,0.0,3.93,3.7,,,2026-03-31 00:00:00,0.82,,1/3,-27.13,false,,,,,,,,,,,,,,,,missing_factset,Symbol not found in FactSet report,fresh,70,success,,2026-07-21 11:02:00,2026-07-21 11:05:12
2356,英業達,TW,2356.TW,resolved,,https://hk.finance.yahoo.com/quote/2356.TW/analysis/,2026-07-21,,,0.84613,0.85429,3.13797,3.73557,236345045430.0,227527561830.0,847992100980.0,953886181940.0,0.2967,1.0,0.0,1.0,0.0,3.13797,2.79294,3.73557,3.45978,2026-03-31 00:00:00,0.53812,,1/3,2.593334,true,,8.9,3.0,0.13797,0.04599,3.33,0.40557,0.121793,802457950000.0,45534150980.0,0.056743,865252800000.0,88633381940.0,0.102436,revenue_current_year=1000; revenue_next_year=1000,matched,,fresh,85,success,,2026-07-21 11:02:01,2026-07-21 11:05:12
2357,華碩,TW,2357.TW,resolved,,https://hk.finance.yahoo.com/quote/2357.TW/analysis/,2026-07-21,,,14.3805,13.98928,53.91244,57.49258,245971101450.0,236354896360.0,907561356320.0,1037367996390.0,-0.0941,1.0,0.0,7.0,0.0,53.91244,49.06879,57.49258,55.38127,2026-03-31 00:00:00,11.43153,,3/3,21.213334,true,,9.4,48.25,5.66244,0.117356,53.99,3.50258,0.064875,820876770000.0,86684586320.0,0.1056,888066800000.0,149301196390.0,0.168119,revenue_current_year=1000; revenue_next_year=1000,matched,,fresh,85,success,,2026-07-21 11:02:02,2026-07-21 11:05:12
2376,技嘉,TW,2376.TW,resolved,,https://hk.finance.yahoo.com/quote/2376.TW/analysis/,2026-07-21,,,8.02428,6.97523,30.26268,33.86506,128945761360.0,121264894540.0,480540645360.0,572066103710.0,0.7615,1.0,0.0,0.0,0.0,30.26268,21.70439,33.86506,25.24615,2026-03-31 00:00:00,5.51854,7.86,1/4,0.53,true,,8.9,29.87,0.39268,0.013146,33.51,0.35506,0.010596,493828680000.0,-13288034640.0,-0.026908,595109990000.0,-23043886290.0,-0.038722,revenue_current_year=1000; revenue_next_year=1000,matched,,fresh,85,success,,2026-07-21 11:02:03,2026-07-21 11:05:12
2377,微星,TW,2377.TW,resolved,,https://hk.finance.yahoo.com/quote/2377.TW/analysis/,2026-07-21,,,2.46837,2.37705,9.87447,10.32495,53280478550.0,56273441180.0,225177402800.0,242550755840.0,0.4521,0.0,0.0,2.0,1.0,9.87447,7.45798,10.32495,9.11036,2026-03-31 00:00:00,1.79031,,0/3,-27.003333,false,,,,,,,,,,,,,,,,missing_factset,Symbol not found in FactSet report,fresh,70,success,,2026-07-21 11:02:04,2026-07-21 11:05:12
2379,瑞昱,TW,2379.TW,resolved,,https://hk.finance.yahoo.com/quote/2379.TW/analysis/,2026-07-21,,,8.83649,8.31315,32.44083,36.58019,37260600000.0,34627800000.0,140535519040.0,152615140330.0,0.1276,0.0,0.0,0.0,0.0,32.44083,32.83454,36.58019,36.78082,2026-03-31 00:00:00,8.44973,8.44,0/4,-2.7525,true,,9.4,32.7,-0.25917,-0.007926,36.87,-0.28981,-0.00786,139697550000.0,837969040.0,0.005998,153638510000.0,-1023369670.0,-0.006661,revenue_current_year=1000; revenue_next_year=1000,matched,,fresh,85,success,,2026-07-21 11:02:05,2026-07-21 11:05:12
2382,廣達,TW,2382.TW,resolved,,https://hk.finance.yahoo.com/quote/2382.TW/analysis/,2026-07-21,,,6.10597,6.14387,23.55498,28.27089,962806251380.0,953061424080.0,3688169489200.0,4494217661340.0,0.2456,0.0,1.0,1.0,1.0,23.55498,22.86347,28.27089,26.69029,2026-03-31 00:00:00,5.06089,5.5,4/4,8.8375,true,,9.7,22.5,1.05498,0.046888,26.76,1.51089,0.056461,3108760250000.0,579409239200.0,0.18638,3872484420000.0,621733241340.0,0.160552,revenue_current_year=1000; revenue_next_year=1000,matched,,fresh,85,success,,2026-07-21 11:02:06,2026-07-21 11:05:12
2395,研華,TW,2395.TW,resolved,,https://hk.finance.yahoo.com/quote/2395.TW/analysis/,2026-07-21,,,3.86123,4.09415,15.75242,18.33323,22368037880.0,22833338030.0,87199317940.0,97308228150.0,0.2859,0.0,1.0,0.0,1.0,15.75242,13.60812,18.33323,15.95001,2026-03-31 00:00:00,3.07633,3.0,2/4,1.4575,true,,9.4,15.71,0.04242,0.0027,18.35,-0.01677,-0.000914,85983100000.0,1216217940.0,0.014145,95834580000.0,1473648150.0,0.015377,revenue_current_year=1000; revenue_next_year=1000,matched,,fresh,85,success,,2026-07-21 11:02:08,2026-07-21 11:05:12
2405,輔信,TW,2405.TW,resolved,,https://hk.finance.yahoo.com/quote/2405.TW/analysis/,2026-07-21,,,,,,,0.0,0.0,0.0,0.0,,,,,,,,,,2015-12-31 00:00:00,-0.02,-0.04,2/3,-25.64,false,,,,,,,,,,,,,,,,missing_factset,Symbol not found in FactSet report,fresh,70,success,,2026-07-21 11:02:09,2026-07-21 11:05:12
2412,中華電,TW,2412.TW,resolved,,https://hk.finance.yahoo.com/quote/2412.TW/analysis/,2026-07-21,,,1.34643,1.28118,5.18041,5.38346,58279000000.0,59495000000.0,246143232500.0,252115011790.0,0.0402,0.0,0.0,0.0,0.0,5.18041,5.20139,5.38346,5.41464,2026-03-31 00:00:00,1.30247,1.3,2/4,3.7625,false,,,,,,,,,,,,,,,,missing_factset,Symbol not found in FactSet report,fresh,70,success,,2026-07-21 11:02:10,2026-07-21 11:05:12
2451,創見,TW,2451.TW,resolved,,https://hk.finance.yahoo.com/quote/2451.TW/analysis/,2026-07-21,,,26.03,24.015,89.18,63.71,20209500000.0,21883000000.0,78280000000.0,93023000000.0,,0.0,0.0,0.0,0.0,89.18,0.0,63.71,0.0,2026-03-31 00:00:00,,18.0,,,false,,,,,,,,,,,,,,,,missing_factset,Symbol not found in FactSet report,fresh,70,success,,2026-07-21 11:02:11,2026-07-21 11:05:12
2454,聯發科,TW,2454.TW,resolved,,https://hk.finance.yahoo.com/quote/2454.TW/analysis/,2026-07-21,,,14.05384,14.79535,66.67579,130.66603,145793324550.0,149826349360.0,648172291150.0,1039844699270.0,0.0078,1.0,1.0,2.0,1.0,66.67579,63.10995,130.66603,99.66918,2026-03-31 00:00:00,14.36119,15.17,3/4,1.545,true,,9.3,65.94,0.73579,0.011158,123.96,6.70603,0.054098,648863790000.0,-691498850.0,-0.001066,999712340000.0,40132359270.0,0.040144,revenue_current_year=1000; revenue_next_year=1000,matched,,fresh,85,success,,2026-07-21 11:02:12,2026-07-21 11:05:12
2458,義隆,TW,2458.TW,resolved,,https://hk.finance.yahoo.com/quote/2458.TW/analysis/,2026-07-21,,,2.35529,2.59529,9.77021,11.46579,3354172050.0,3572125650.0,13463885730.0,15307629070.0,0.1631,2.0,1.0,2.0,1.0,9.77021,9.346,11.46579,10.955,2026-03-31 00:00:00,2.18,,2/3,15.216667,false,,,,,,,,,,,,,,,,missing_factset,Symbol not found in FactSet report,fresh,70,success,,2026-07-21 11:02:13,2026-07-21 11:05:12
2474,可成,TW,2474.TW,resolved,,https://hk.finance.yahoo.com/quote/2474.TW/analysis/,2026-07-21,,,2.69953,3.14715,11.89929,12.61947,3470924330.0,4404465410.0,17370012000.0,20448816210.0,0.0521,0.0,0.0,0.0,0.0,11.89929,12.1,12.61947,12.52,2026-03-31 00:00:00,2.81,2.62,1/4,-84.515,false,,,,,,,,,,,,,,,,missing_factset,Symbol not found in FactSet report,fresh,70,success,,2026-07-21 11:02:14,2026-07-21 11:05:12
2480,敦陽科,TW,2480.TW,resolved,,https://hk.finance.yahoo.com/quote/2480.TW/analysis/,2026-07-21,,,2.57,2.34,10.3,11.34,2473000000.0,2359000000.0,9859000000.0,10555000000.0,0.2875,0.0,0.0,0.0,0.0,10.3,9.47,11.34,0.0,2026-03-31 00:00:00,2.3,2.63,1/4,-5.7075,false,,,,,,,,,,,,,,,,missing_factset,Symbol not found in FactSet report,fresh,70,success,,2026-07-21 11:02:16,2026-07-21 11:05:12
3022,威強電,TW,3022.TW,resolved,,https://hk.finance.yahoo.com/quote/3022.TW/analysis/,2026-07-21,,,1.32,1.77,5.68,6.77,2210000000.0,2330000000.0,8232000000.0,9061000000.0,,1.0,0.0,1.0,0.0,5.68,0.0,6.77,0.0,2026-03-31 00:00:00,0.98,0.0,0/1,-100.0,false,,,,,,,,,,,,,,,,missing_factset,Symbol not found in FactSet report,fresh,70,success,,2026-07-21 11:02:17,2026-07-21 11:05:12
3026,禾伸堂,TW,3026.TW,resolved,,https://hk.finance.yahoo.com/quote/3026.TW/analysis/,2026-07-21,,,2.96,3.22,13.15,25.485,3995000000.0,4090000000.0,16126000000.0,23131000000.0,,0.0,1.0,0.0,1.0,13.15,8.09,25.485,12.88,2026-03-31 00:00:00,1.68,2.0,1/1,19.049999,false,,,,,,,,,,,,,,,,missing_factset,Symbol not found in FactSet report,fresh,70,success,,2026-07-21 11:02:18,2026-07-21 11:05:12
3034,聯詠,TW,3034.TW,resolved,,https://hk.finance.yahoo.com/quote/3034.TW/analysis/,2026-07-21,,,7.97162,8.23769,28.91981,31.37176,27739105080.0,28630062510.0,106713115210.0,113283703140.0,0.0763,12.0,0.0,12.0,0.0,28.91981,26.38609,31.37176,29.10785,2026-03-31 00:00:00,5.73249,6.19,2/4,-0.94,true,,9.4,29.58,-0.66019,-0.022319,32.29,-0.91824,-0.028437,107506680000.0,-793564790.0,-0.007382,115955690000.0,-2671986860.0,-0.023043,revenue_current_year=1000; revenue_next_year=1000,matched,,fresh,85,success,,2026-07-21 11:02:19,2026-07-21 11:05:12
3045,台灣大,TW,3045.TW,resolved,,https://hk.finance.yahoo.com/quote/3045.TW/analysis/,2026-07-21,,,1.17,1.255,4.98755,5.12155,48046000000.0,47805000000.0,201115395810.0,200568776860.0,0.0612,0.0,0.0,0.0,0.0,4.98755,4.7946,5.12155,5.04091,2026-03-31 00:00:00,1.14241,1.34,2/4,1.725,false,,,,,,,,,,,,,,,,missing_factset,Symbol not found in FactSet report,fresh,70,success,,2026-07-21 11:02:20,2026-07-21 11:05:12
3048,益登,TW,3048.TW,resolved,,https://hk.finance.yahoo.com/quote/3048.TW/analysis/,2026-07-21,,,,,,,0.0,0.0,0.0,0.0,,,,,,,,,,2019-03-31 00:00:00,0.21818,0.08182,1/2,288.785,false,,,,,,,,,,,,,,,,missing_factset,Symbol not found in FactSet report,fresh,70,success,,2026-07-21 11:02:21,2026-07-21 11:05:12
3231,緯創,TW,3231.TW,resolved,,https://hk.finance.yahoo.com/quote/3231.TW/analysis/,2026-07-21,,,3.36278,3.62656,13.52357,17.43744,867780250640.0,896011068980.0,3541094336570.0,4557856930740.0,0.6099,0.0,0.0,0.0,0.0,13.52357,13.41702,17.43744,16.52432,2026-03-31 00:00:00,2.98258,3.0,1/4,-6.685,true,,9.4,13.72,-0.19643,-0.014317,17.51,-0.07256,-0.004144,3452513090000.0,88581246570.0,0.025657,4502142060000.0,55714870740.0,0.012375,revenue_current_year=1000; revenue_next_year=1000,matched,,fresh,85,success,,2026-07-21 11:02:22,2026-07-21 11:05:12
3356,奇偶,TW,3356.TW,resolved,,https://hk.finance.yahoo.com/quote/3356.TW/analysis/,2026-07-21,,,,,,,0.0,0.0,0.0,0.0,,,,,,,,,,2016-12-31 00:00:00,,0.38136,0/3,-51.033335,false,,,,,,,,,,,,,,,,missing_factset,Symbol not found in FactSet report,fresh,70,success,,2026-07-21 11:02:24,2026-07-21 11:05:12
4938,和碩,TW,4938.TW,resolved,,https://hk.finance.yahoo.com/quote/4938.TW/analysis/,2026-07-21,,,1.0489,1.46229,5.43318,6.6428,266426210670.0,306566022500.0,1183131034940.0,1384699636500.0,0.008,1.0,0.0,4.0,2.0,5.43318,5.82266,6.6428,6.65884,2026-03-31 00:00:00,0.87428,0.58,2/4,-16.4525,true,,8.9,6.38,-0.94682,-0.148404,7.23,-0.5872,-0.081217,1172213390000.0,10917644940.0,0.009314,1195987920000.0,188711716500.0,0.157787,revenue_current_year=1000; revenue_next_year=1000,matched,,fresh,85,success,,2026-07-21 11:02:25,2026-07-21 11:05:12
5203,訊連,TW,5203.TW,resolved,,https://hk.finance.yahoo.com/quote/5203.TW/analysis/,2026-07-21,,,1.14,1.23,4.22,4.69,656000000.0,706000000.0,2625000000.0,2961000000.0,0.1887,0.0,0.0,0.0,0.0,4.22,5.26,4.69,5.87,2026-03-31 00:00:00,0.69,1.0,1/3,-36.283334,false,,,,,,,,,,,,,,,,missing_factset,Symbol not found in FactSet report,fresh,70,success,,2026-07-21 11:02:26,2026-07-21 11:05:12
6214,精誠,TW,6214.TW,resolved,,https://hk.finance.yahoo.com/quote/6214.TW/analysis/,2026-07-21,,,,,,,0.0,0.0,0.0,0.0,,,,,,,,,,,,,,,false,,,,,,,,,,,,,,,,missing_factset,Symbol not found in FactSet report,fresh,70,success,,2026-07-21 11:02:27,2026-07-21 11:05:12
6285,啟碁,TW,6285.TW,resolved,,https://hk.finance.yahoo.com/quote/6285.TW/analysis/,2026-07-21,,,2.535,3.09,11.2675,13.9025,31476504750.0,34608026500.0,133689643600.0,154943123400.0,0.797,2.0,0.0,2.0,0.0,11.2675,9.27333,13.9025,9.64,2026-03-31 00:00:00,1.8,2.0,2/4,-11.837499,true,,8.9,63.64,-52.3725,-0.822949,93.94,-80.0375,-0.852007,19412290000000.0,-19278600356400.0,-0.993113,26214310000000.0,-26059366876600.0,-0.994089,revenue_current_year=1e+06; revenue_next_year=1e+06,large_diff,eps_current_year diff_pct=-0.8229; eps_next_year diff_pct=-0.852; revenue_current_year diff_pct=-0.9931; revenue_next_year diff_pct=-0.9941,large_diff,60,success,,2026-07-21 11:02:28,2026-07-21 11:05:12
6462,神盾,TWO,6462.TWO,fallback_to_two,,https://hk.finance.yahoo.com/quote/6462.TWO/analysis/,2026-07-21,,,-0.57,-0.22,-1.48,5.36,0.0,0.0,6602402420.0,8818552050.0,0.9155,0.0,0.0,0.0,0.0,-1.48,-1.48,5.36,5.36,2026-03-31 00:00:00,,-2.0,0/3,-602.683323,false,,,,,,,,,,,,,,,,missing_factset,Symbol not found in FactSet report,fresh,70,success,,2026-07-21 11:02:30,2026-07-21 11:05:12
9914,美利達,TW,9914.TW,resolved,,https://hk.finance.yahoo.com/quote/9914.TW/analysis/,2026-07-21,,,1.71732,1.83562,5.14372,6.59031,6607246610.0,6871867670.0,24070983580.0,26264252200.0,0.2827,1.0,1.0,2.0,1.0,5.14372,4.81938,6.59031,6.95486,2026-03-31 00:00:00,0.60038,1.08,2/4,-53.7325,true,,8.9,4.87,0.27372,0.056205,6.31,0.28031,0.044423,24221360000.0,-150376420.0,-0.006208,25837430000.0,426822200.0,0.01652,revenue_current_year=1000; revenue_next_year=1000,matched,,fresh,85,success,,2026-07-21 11:02:31,2026-07-21 11:05:12
9921,巨大,TW,9921.TW,resolved,,https://hk.finance.yahoo.com/quote/9921.TW/analysis/,2026-07-21,,,1.1174,1.3481,3.79223,6.21438,15976713440.0,16022652770.0,61235352800.0,65982488780.0,1.061,0.0,0.0,0.0,0.0,3.79223,5.34839,6.21438,7.18652,2026-03-31 00:00:00,1.2701,-0.51,0/4,-125.622501,false,,,,,,,,,,,,,,,,missing_factset,Symbol not found in FactSet report,fresh,70,success,,2026-07-21 11:02:32,2026-07-21 11:05:12
8272,全景軟體,TWO,8272.TWO,fallback_to_two,,https://hk.finance.yahoo.com/quote/8272.TWO/analysis/,2026-07-21,,,,,,,0.0,0.0,0.0,0.0,,,,,,,,,,2025-06-30 00:00:00,,1.27,,,false,,,,,,,,,,,,,,,,missing_factset,Symbol not found in FactSet report,fresh,70,success,,2026-07-21 11:02:34,2026-07-21 11:05:12
8299,群聯,TWO,8299.TWO,fallback_to_two,,https://hk.finance.yahoo.com/quote/8299.TWO/analysis/,2026-07-21,,,101.52796,93.44315,301.2897,165.14584,61778084180.0,65696926810.0,240070971770.0,249019554850.0,6.5815,0.0,0.0,1.0,0.0,301.2897,170.37009,165.14584,106.05356,2026-03-31 00:00:00,48.02391,68.0,3/4,0.915,true,,8.3,338.1,-36.8103,-0.108874,270.05,-104.90416,-0.388462,242606620000.0,-2535648230.0,-0.010452,283403300000.0,-34383745150.0,-0.121324,revenue_current_year=1000; revenue_next_year=1000,large_diff,eps_next_year diff_pct=-0.3885,large_diff,60,success,,2026-07-21 11:02:35,2026-07-21 11:05:12
5434,崇越,TW,5434.TW,resolved,,https://hk.finance.yahoo.com/quote/5434.TW/analysis/,2026-07-21,,,6.99667,7.50667,29.25667,33.92667,20678333330.0,22152000000.0,84354333330.0,98050000000.0,0.3414,2.0,0.0,2.0,0.0,29.25667,23.88667,33.92667,25.67,2026-03-31 00:00:00,5.155,6.0,3/4,10.27,false,,,,,,,,,,,,,,,,missing_factset,Symbol not found in FactSet report,fresh,70,success,,2026-07-21 11:02:36,2026-07-21 11:05:12
6526,達發,TW,6526.TW,resolved,,https://hk.finance.yahoo.com/quote/6526.TW/analysis/,2026-07-21,,,5.24,5.87,20.94,28.52,5958600000.0,6285800000.0,23671600000.0,29077000000.0,0.209,0.0,1.0,0.0,1.0,20.94,20.625,28.52,28.035,2026-03-31 00:00:00,4.318,4.47,3/4,2.03,false,,,,,,,,,,,,,,,,missing_factset,Symbol not found in FactSet report,fresh,70,success,,2026-07-21 11:02:37,2026-07-21 11:05:12
2301,光寶科,TW,2301.TW,resolved,,https://hk.finance.yahoo.com/quote/2301.TW/analysis/,2026-07-21,,,2.11906,2.55013,8.8937,12.57758,50026588810.0,55523992090.0,205781114300.0,268900540080.0,0.3394,1.0,0.0,1.0,0.0,8.8937,8.415,12.57758,11.796,2026-03-31 00:00:00,1.69,1.0,1/4,-9.5025,true,,8.9,8.59,0.3037,0.035355,11.56,1.01758,0.088026,204126040000.0,1655074300.0,0.008108,246347330000.0,22553210080.0,0.09155,revenue_current_year=1000; revenue_next_year=1000,matched,,fresh,85,success,,2026-07-21 11:02:39,2026-07-21 11:05:12
3035,智原,TW,3035.TW,resolved,,https://hk.finance.yahoo.com/quote/3035.TW/analysis/,2026-07-21,,,0.4689,1.04082,3.5268,6.54036,2796847060.0,3406146500.0,12782392840.0,16603699400.0,0.2596,1.0,3.0,1.0,3.0,3.5268,4.31068,6.54036,7.89432,2026-03-31 00:00:00,0.40023,0.4,2/4,122.815,true,,8.5,4.3,-0.7732,-0.179814,6.82,-0.27964,-0.041003,13744930000.0,-962537160.0,-0.070029,17282810000.0,-679110600.0,-0.039294,revenue_current_year=1000; revenue_next_year=1000,matched,,fresh,85,success,,2026-07-21 11:02:40,2026-07-21 11:05:12
5269,祥碩,TW,5269.TW,resolved,,https://hk.finance.yahoo.com/quote/5269.TW/analysis/,2026-07-21,,,21.55,22.825,91.82,106.55073,2934000000.0,3125500000.0,12847500000.0,14774445040.0,0.2688,0.0,0.0,0.0,0.0,91.82,89.78707,106.55073,101.50102,2026-03-31 00:00:00,23.89598,24.73,2/4,0.315,false,,,,,,,,,,,,,,,,missing_factset,Symbol not found in FactSet report,fresh,70,success,,2026-07-21 11:02:41,2026-07-21 11:05:12
6669,緯穎,TW,6669.TW,resolved,,https://hk.finance.yahoo.com/quote/6669.TW/analysis/,2026-07-21,,,77.3558,91.77045,345.93597,470.1547,273540777130.0,334777597010.0,1273656530360.0,1995538312240.0,0.2577,2.0,0.0,2.0,0.0,345.93597,333.9477,470.1547,411.40543,2026-03-31 00:00:00,66.44939,75.95,4/4,15.835,true,,9.7,344.75,1.18597,0.00344,453.48,16.6747,0.036771,1290613600000.0,-16957069640.0,-0.013139,1945096810000.0,50441502240.0,0.025933,revenue_current_year=1000; revenue_next_year=1000,matched,,fresh,85,success,,2026-07-21 11:02:42,2026-07-21 11:05:12
6695,芯鼎,TW,6695.TW,resolved,,https://hk.finance.yahoo.com/quote/6695.TW/analysis/,2026-07-21,,,,,,,0.0,0.0,0.0,0.0,,,,,,,,,,2023-03-31 00:00:00,0.01,-0.37,1/3,-1478.57,false,,,,,,,,,,,,,,,,missing_factset,Symbol not found in FactSet report,fresh,70,success,,2026-07-21 11:02:43,2026-07-21 11:05:12
6561,是方,TWO,6561.TWO,fallback_to_two,,https://hk.finance.yahoo.com/quote/6561.TWO/analysis/,2026-07-21,,,4.00667,4.40667,16.95,22.0,1036000000.0,1062000000.0,4143500000.0,4909000000.0,0.0762,0.0,1.0,0.0,1.0,16.95,17.48333,22.0,0.0,2026-03-31 00:00:00,3.79667,3.68,2/4,1.1225,false,,,,,,,,,,,,,,,,missing_factset,Symbol not found in FactSet report,fresh,70,success,,2026-07-21 11:02:45,2026-07-21 11:05:12
7765,中華資安,TW,7765.TW,resolved,,https://hk.finance.yahoo.com/quote/7765.TW/analysis/,2026-07-21,,,2.73,2.85,12.32,14.79,510000000.0,537000000.0,2275000000.0,2539000000.0,0.0769,0.0,1.0,0.0,1.0,12.32,13.25,14.79,0.0,2026-03-31 00:00:00,3.45,3.0,0/3,-6.843333,false,,,,,,,,,,,,,,,,missing_factset,Symbol not found in FactSet report,fresh,70,success,,2026-07-21 11:02:46,2026-07-21 11:05:12
3150,鈺寶-創,TW,3150.TW,resolved,,https://hk.finance.yahoo.com/quote/3150.TW/analysis/,2026-07-21,,,,,,,0.0,0.0,0.0,0.0,,,,,,,,,,,,,,,false,,,,,,,,,,,,,,,,missing_factset,Symbol not found in FactSet report,fresh,70,success,,2026-07-21 11:02:47,2026-07-21 11:05:12
2646,星宇航空,TW,2646.TW,resolved,,https://hk.finance.yahoo.com/quote/2646.TW/analysis/,2026-07-21,,,,,,,0.0,0.0,0.0,0.0,,,,,,,,,,,,,,,false,,,,,,,,,,,,,,,,missing_factset,Symbol not found in FactSet report,fresh,70,success,,2026-07-21 11:02:48,2026-07-21 11:05:12
4953,緯軟,TWO,4953.TWO,fallback_to_two,,https://hk.finance.yahoo.com/quote/4953.TWO/analysis/,2026-07-21,,,2.89,3.53,11.43,12.99,3538000000.0,3681000000.0,14537000000.0,16426000000.0,0.3527,1.0,0.0,1.0,0.0,11.43,10.69,12.99,12.25,2026-03-31 00:00:00,2.15,2.0,3/4,6.3175,false,,,,,,,,,,,,,,,,missing_factset,Symbol not found in FactSet report,fresh,70,success,,2026-07-21 11:02:50,2026-07-21 11:05:12
6231,系微,TWO,6231.TWO,fallback_to_two,,https://hk.finance.yahoo.com/quote/6231.TWO/analysis/,2026-07-21,,,,,,,0.0,0.0,0.0,0.0,,,,,,,,,,2025-09-30 00:00:00,,1.84,1/1,8.33,false,,,,,,,,,,,,,,,,missing_factset,Symbol not found in FactSet report,fresh,70,success,,2026-07-21 11:02:51,2026-07-21 11:05:12
9917,中保科,TW,9917.TW,resolved,,https://hk.finance.yahoo.com/quote/9917.TW/analysis/,2026-07-21,,,,,,,0.0,0.0,0.0,0.0,,,,,,,,,,2026-03-31 00:00:00,1.78,1.6,0/2,-5.53,false,,,,,,,,,,,,,,,,missing_factset,Symbol not found in FactSet report,fresh,70,success,,2026-07-21 11:02:52,2026-07-21 11:05:12
3558,神準,TWO,3558.TWO,fallback_to_two,,https://hk.finance.yahoo.com/quote/3558.TWO/analysis/,2026-07-21,,,,,,,0.0,0.0,0.0,0.0,,,,,,,,,,2023-12-31 00:00:00,3.63,2.13,0/3,-22.24,false,,,,,,,,,,,,,,,,missing_factset,Symbol not found in FactSet report,fresh,70,success,,2026-07-21 11:02:54,2026-07-21 11:05:12
2450,神腦,TW,2450.TW,resolved,,https://hk.finance.yahoo.com/quote/2450.TW/analysis/,2026-07-21,,,,,,,0.0,0.0,0.0,0.0,,,,,,,,,,2018-09-30 00:00:00,0.46,0.24,1/4,-25.795,false,,,,,,,,,,,,,,,,missing_factset,Symbol not found in FactSet report,fresh,70,success,,2026-07-21 11:02:55,2026-07-21 11:05:12
2303,聯電,TW,2303.TW,resolved,,https://hk.finance.yahoo.com/quote/2303.TW/analysis/,2026-07-21,,,1.00764,1.163,4.64804,5.84676,66689762550.0,71036822210.0,273113167330.0,324664501400.0,0.3916,0.0,1.0,1.0,1.0,4.64804,3.87069,5.84676,4.65861,2026-03-31 00:00:00,0.85816,1.29,2/4,20.685,true,,9.1,4.68,-0.03196,-0.006829,5.82,0.02676,0.004598,275542850000.0,-2429682670.0,-0.008818,327534510000.0,-2870008600.0,-0.008762,revenue_current_year=1000; revenue_next_year=1000,matched,,fresh,85,success,,2026-07-21 11:02:56,2026-07-21 11:05:12
7708,全家餐飲,TWO,7708.TWO,fallback_to_two,,https://hk.finance.yahoo.com/quote/7708.TWO/analysis/,2026-07-21,,,,,,,0.0,0.0,0.0,0.0,,,,,,,,,,,,,,,false,,,,,,,,,,,,,,,,missing_factset,Symbol not found in FactSet report,fresh,70,success,,2026-07-21 11:02:58,2026-07-21 11:05:12
6613,朋億,TWO,6613.TWO,fallback_to_two,,https://hk.finance.yahoo.com/quote/6613.TWO/analysis/,2026-07-21,,,,4.83,17.75,23.82,0.0,3787000000.0,13328000000.0,15728000000.0,,,,,,17.75,0.0,23.82,0.0,,,,,,false,,,,,,,,,,,,,,,,missing_factset,Symbol not found in FactSet report,fresh,70,success,,2026-07-21 11:02:59,2026-07-21 11:05:12
7703,銳澤,TWO,7703.TWO,fallback_to_two,,https://hk.finance.yahoo.com/quote/7703.TWO/analysis/,2026-07-21,,,,,,,0.0,0.0,0.0,0.0,,,,,,,,,,2025-12-31 00:00:00,2.81,1.96,2/4,21.705,false,,,,,,,,,,,,,,,,missing_factset,Symbol not found in FactSet report,fresh,70,success,,2026-07-21 11:03:01,2026-07-21 11:05:12
2353,宏碁,TW,2353.TW,resolved,,https://hk.finance.yahoo.com/quote/2353.TW/analysis/,2026-07-21,,,0.42638,0.49797,1.59565,1.8059,86152373000.0,91034785760.0,339018823960.0,342769489570.0,0.2765,0.0,0.0,0.0,0.0,1.59565,1.54,1.8059,1.88,2026-03-31 00:00:00,0.37218,0.23,0/4,-26.94,false,,,,,,,,,,,,,,,,missing_factset,Symbol not found in FactSet report,fresh,70,success,,2026-07-21 11:03:02,2026-07-21 11:05:12
3158,嘉實,TWO,3158.TWO,fallback_to_two,,https://hk.finance.yahoo.com/quote/3158.TWO/analysis/,2026-07-21,,,,,,,0.0,0.0,0.0,0.0,,,,,,,,,,,,,,,false,,,,,,,,,,,,,,,,missing_factset,Symbol not found in FactSet report,fresh,70,success,,2026-07-21 11:03:03,2026-07-21 11:05:12
6035,悠遊卡,TWO,6035.TWO,fallback_to_two,,https://hk.finance.yahoo.com/quote/6035.TWO/analysis/,2026-07-21,,,,,,,0.0,0.0,0.0,0.0,,,,,,,,,,,,,,,false,,,,,,,,,,,,,,,,missing_factset,Symbol not found in FactSet report,fresh,70,success,,2026-07-21 11:03:05,2026-07-21 11:05:12
7722,LINEPAY,TW,7722.TW,resolved,,https://hk.finance.yahoo.com/quote/7722.TW/analysis/,2026-07-21,,,,,12.98268,17.63728,0.0,0.0,9677130510.0,12031804230.0,0.7403,,,,,12.98268,12.98268,17.63728,17.63728,2026-03-31 00:00:00,,1.91,0/3,-43.093334,false,,,,,,,,,,,,,,,,missing_factset,Symbol not found in FactSet report,fresh,70,success,,2026-07-21 11:03:06,2026-07-21 11:05:12
5904,寶雅,TWO,5904.TWO,fallback_to_two,,https://hk.finance.yahoo.com/quote/5904.TWO/analysis/,2026-07-21,,,7.53801,9.18444,36.14363,40.08066,6824128910.0,7276156970.0,28560019730.0,31453889740.0,0.2315,0.0,0.0,0.0,0.0,36.14363,33.26961,40.08066,36.6231,2026-03-31 00:00:00,7.91832,9.0,2/4,2.9725,false,,,,,,,,,,,,,,,,missing_factset,Symbol not found in FactSet report,fresh,70,success,,2026-07-21 11:03:08,2026-07-21 11:05:12
6182,合晶,TWO,6182.TWO,fallback_to_two,,https://hk.finance.yahoo.com/quote/6182.TWO/analysis/,2026-07-21,,,,,,,0.0,0.0,0.0,0.0,,,,,,,,,,2024-12-31 00:00:00,0.27,-0.01,0/4,-99.675,false,,,,,,,,,,,,,,,,missing_factset,Symbol not found in FactSet report,fresh,70,success,,2026-07-21 11:03:09,2026-07-21 11:05:12
6962,奕力-KY,TW,6962.TW,resolved,,https://hk.finance.yahoo.com/quote/6962.TW/analysis/,2026-07-21,,,,,5.51,,0.0,0.0,28270000000.0,0.0,0.9199,,,,,5.51,5.51,,,2025-12-31 00:00:00,1.17,0.27,1/4,-56.469998,false,,,,,,,,,,,,,,,,missing_factset,Symbol not found in FactSet report,fresh,70,success,,2026-07-21 11:03:10,2026-07-21 11:05:12
7705,三商餐飲,TW,7705.TW,resolved,,https://hk.finance.yahoo.com/quote/7705.TW/analysis/,2026-07-21,,,,,,,0.0,0.0,0.0,0.0,,,,,,,,,,,,,,,false,,,,,,,,,,,,,,,,missing_factset,Symbol not found in FactSet report,fresh,70,success,,2026-07-21 11:03:11,2026-07-21 11:05:12
3014,聯陽,TW,3014.TW,resolved,,https://hk.finance.yahoo.com/quote/3014.TW/analysis/,2026-07-21,,,,,,,0.0,0.0,0.0,0.0,,,,,,,,,,2021-09-30 00:00:00,2.58,3.39,2/2,23.13,false,,,,,,,,,,,,,,,,missing_factset,Symbol not found in FactSet report,fresh,70,success,,2026-07-21 11:03:13,2026-07-21 11:05:12
6720,久昌,TWO,6720.TWO,fallback_to_two,,https://hk.finance.yahoo.com/quote/6720.TWO/analysis/,2026-07-21,,,,,,,0.0,0.0,0.0,0.0,,,,,,,,,,,,,,,false,,,,,,,,,,,,,,,,missing_factset,Symbol not found in FactSet report,fresh,70,success,,2026-07-21 11:03:14,2026-07-21 11:05:12
6757,台灣虎航,TW,6757.TW,resolved,,https://hk.finance.yahoo.com/quote/6757.TW/analysis/,2026-07-21,,,0.495,1.16,5.42,5.385,4628000000.0,4882000000.0,19623500000.0,18552500000.0,0.0112,0.0,0.0,0.0,0.0,5.42,4.36,5.385,5.43,2026-03-31 00:00:00,2.2,2.9,2/3,3.393333,false,,,,,,,,,,,,,,,,missing_factset,Symbol not found in FactSet report,fresh,70,success,,2026-07-21 11:03:15,2026-07-21 11:05:12
7794,宏碁智新,TWO,7794.TWO,fallback_to_two,,https://hk.finance.yahoo.com/quote/7794.TWO/analysis/,2026-07-21,,,0.58,0.62,2.68,3.66,260000000.0,271000000.0,1175000000.0,1336000000.0,,0.0,0.0,0.0,0.0,2.68,0.0,3.66,0.0,,,,,,false,,,,,,,,,,,,,,,,missing_factset,Symbol not found in FactSet report,fresh,70,success,,2026-07-21 11:03:17,2026-07-21 11:05:12
6996,力領科技,TWO,6996.TWO,fallback_to_two,,https://hk.finance.yahoo.com/quote/6996.TWO/analysis/,2026-07-21,,,,,,,0.0,0.0,0.0,0.0,,,,,,,,,,2025-03-31 00:00:00,3.03,2.38,0/2,-13.655,false,,,,,,,,,,,,,,,,missing_factset,Symbol not found in FactSet report,fresh,70,success,,2026-07-21 11:03:18,2026-07-21 11:05:12
8016,矽創,TW,8016.TW,resolved,,https://hk.finance.yahoo.com/quote/8016.TW/analysis/,2026-07-21,,,,,,,0.0,0.0,0.0,0.0,,,,,,,,,,2022-03-31 00:00:00,14.715,11.63,1/3,-3.883333,false,,,,,,,,,,,,,,,,missing_factset,Symbol not found in FactSet report,fresh,70,success,,2026-07-21 11:03:19,2026-07-21 11:05:12
8045,達運光電,TW,8045.TW,resolved,,https://hk.finance.yahoo.com/quote/8045.TW/analysis/,2026-07-21,,,,,,,0.0,0.0,0.0,0.0,,,,,,,,,,2025-12-31 00:00:00,0.24,0.21,1/4,-20.865,false,,,,,,,,,,,,,,,,missing_factset,Symbol not found in FactSet report,fresh,70,success,,2026-07-21 11:03:21,2026-07-21 11:05:12
7704,明遠精密,TWO,7704.TWO,fallback_to_two,,https://hk.finance.yahoo.com/quote/7704.TWO/analysis/,2026-07-21,,,,,,,0.0,0.0,0.0,0.0,,,,,,,,,,2025-03-31 00:00:00,0.77,0.48,0/2,-45.46,false,,,,,,,,,,,,,,,,missing_factset,Symbol not found in FactSet report,fresh,70,success,,2026-07-21 11:03:22,2026-07-21 11:05:12
6997,博弘,TWO,6997.TWO,fallback_to_two,,https://hk.finance.yahoo.com/quote/6997.TWO/analysis/,2026-07-21,,,1.42,1.35,1.94,6.33,1580000000.0,1467000000.0,5719000000.0,6302000000.0,-0.6204,0.0,1.0,0.0,1.0,1.94,5.55,6.33,6.53,2026-03-31 00:00:00,1.24,-2.31,1/4,-78.2775,false,,,,,,,,,,,,,,,,missing_factset,Symbol not found in FactSet report,fresh,70,success,,2026-07-21 11:03:24,2026-07-21 11:05:12
4749,新應材,TWO,4749.TWO,fallback_to_two,,https://hk.finance.yahoo.com/quote/4749.TWO/analysis/,2026-07-21,,,3.49,4.00667,14.76,22.366,1258500000.0,1370500000.0,5269000000.0,7502400000.0,0.3027,0.0,1.0,0.0,1.0,14.76,15.52,22.366,23.32,2026-03-31 00:00:00,3.204,3.66,3/4,13.32,false,,,,,,,,,,,,,,,,missing_factset,Symbol not found in FactSet report,fresh,70,success,,2026-07-21 11:03:25,2026-07-21 11:05:12
7747,昕奇雲端,TWO,7747.TWO,fallback_to_two,,https://hk.finance.yahoo.com/quote/7747.TWO/analysis/,2026-07-21,,,,,,,0.0,0.0,0.0,0.0,,,,,,,,,,2025-12-31 00:00:00,0.27364,0.20276,1/4,-18.805,false,,,,,,,,,,,,,,,,missing_factset,Symbol not found in FactSet report,fresh,70,success,,2026-07-21 11:03:27,2026-07-21 11:05:12
6123,上奇,TWO,6123.TWO,fallback_to_two,,https://hk.finance.yahoo.com/quote/6123.TWO/analysis/,2026-07-21,,,,,,,0.0,0.0,0.0,0.0,,,,,,,,,,2026-03-31 00:00:00,0.51,0.0,1/2,-21.875,false,,,,,,,,,,,,,,,,missing_factset,Symbol not found in FactSet report,fresh,70,success,,2026-07-21 11:03:28,2026-07-21 11:05:12
6425,易發,TWO,6425.TWO,fallback_to_two,,https://hk.finance.yahoo.com/quote/6425.TWO/analysis/,2026-07-21,,,,,,,0.0,0.0,0.0,0.0,,,,,,,,,,,,,,,false,,,,,,,,,,,,,,,,missing_factset,Symbol not found in FactSet report,fresh,70,success,,2026-07-21 11:03:30,2026-07-21 11:05:12
7712,博盛半導體,TWO,7712.TWO,fallback_to_two,,https://hk.finance.yahoo.com/quote/7712.TWO/analysis/,2026-07-21,,,,,,,0.0,0.0,0.0,0.0,,,,,,,,,,2025-09-30 00:00:00,1.19,1.6,3/4,31.655,false,,,,,,,,,,,,,,,,missing_factset,Symbol not found in FactSet report,fresh,70,success,,2026-07-21 11:03:31,2026-07-21 11:05:12
6811,宏碁資訊,TWO,6811.TWO,fallback_to_two,,https://hk.finance.yahoo.com/quote/6811.TWO/analysis/,2026-07-21,,,4.415,3.73,16.56667,18.57,2858000000.0,2437500000.0,10708666670.0,12075500000.0,0.1537,1.0,0.0,1.0,0.0,16.56667,16.04667,18.57,17.69,2026-03-31 00:00:00,4.24,4.74,2/4,-2.405,false,,,,,,,,,,,,,,,,missing_factset,Symbol not found in FactSet report,fresh,70,success,,2026-07-21 11:03:33,2026-07-21 11:05:12
3029,零壹,TW,3029.TW,resolved,,https://hk.finance.yahoo.com/quote/3029.TW/analysis/,2026-07-21,,,1.79,1.9,7.72,8.44,7035000000.0,7542000000.0,28679000000.0,31570000000.0,,1.0,0.0,0.0,1.0,7.72,7.66,8.44,9.47,2026-03-31 00:00:00,1.61,1.0,3/4,-3.9875,false,,,,,,,,,,,,,,,,missing_factset,Symbol not found in FactSet report,fresh,70,success,,2026-07-21 11:03:34,2026-07-21 11:05:12
6690,安碁資訊,TWO,6690.TWO,fallback_to_two,,https://hk.finance.yahoo.com/quote/6690.TWO/analysis/,2026-07-21,,,2.86,3.095,11.665,13.18,678500000.0,719000000.0,2802500000.0,3098000000.0,0.1504,1.0,0.0,1.0,0.0,11.665,10.705,13.18,12.14,2026-03-31 00:00:00,2.13,2.0,3/4,6.23,false,,,,,,,,,,,,,,,,missing_factset,Symbol not found in FactSet report,fresh,70,success,,2026-07-21 11:03:35,2026-07-21 11:05:12
6763,綠界科技,TWO,6763.TWO,fallback_to_two,,https://hk.finance.yahoo.com/quote/6763.TWO/analysis/,2026-07-21,,,,,,,0.0,0.0,0.0,0.0,,,,,,,,,,2025-12-31 00:00:00,0.54,0.38,0/1,-29.63,false,,,,,,,,,,,,,,,,missing_factset,Symbol not found in FactSet report,fresh,70,success,,2026-07-21 11:03:37,2026-07-21 11:05:12
6751,智聯服務,TWO,6751.TWO,fallback_to_two,,https://hk.finance.yahoo.com/quote/6751.TWO/analysis/,2026-07-21,,,,,,,0.0,0.0,0.0,0.0,,,,,,,,,,2021-03-31 00:00:00,0.41,0.49,1/2,6.770001,false,,,,,,,,,,,,,,,,missing_factset,Symbol not found in FactSet report,fresh,70,success,,2026-07-21 11:03:39,2026-07-21 11:05:12
6442,光聖,TW,6442.TW,resolved,,https://hk.finance.yahoo.com/quote/6442.TW/analysis/,2026-07-21,,,13.49,18.1,62.01,130.0,4656000000.0,5397000000.0,19379000000.0,37223000000.0,,1.0,0.0,1.0,0.0,62.01,0.0,130.0,0.0,2026-03-31 00:00:00,8.04,7.5,1/2,0.7,false,,,,,,,,,,,,,,,,missing_factset,Symbol not found in FactSet report,fresh,70,success,,2026-07-21 11:03:40,2026-07-21 11:05:12
8454,富邦媒,TW,8454.TW,resolved,,https://hk.finance.yahoo.com/quote/8454.TW/analysis/,2026-07-21,,,2.31525,1.88962,10.61,9.97818,25891303590.0,24273344500.0,107994394300.0,108555184320.0,-0.0602,0.0,0.0,0.0,0.0,10.61,11.29757,9.97818,10.26248,2026-03-31 00:00:00,2.24088,2.0,1/4,-4.6075,false,,,,,,,,,,,,,,,,missing_factset,Symbol not found in FactSet report,fresh,70,success,,2026-07-21 11:03:41,2026-07-21 11:05:12
2332,友訊,TW,2332.TW,resolved,,https://hk.finance.yahoo.com/quote/2332.TW/analysis/,2026-07-21,,,,,,,0.0,0.0,0.0,0.0,,,,,,,,,,2024-09-30 00:00:00,0.14,0.3,2/2,173.81,false,,,,,,,,,,,,,,,,missing_factset,Symbol not found in FactSet report,fresh,70,success,,2026-07-21 11:03:42,2026-07-21 11:05:12
7805,威聯通,TWO,7805.TWO,fallback_to_two,,https://hk.finance.yahoo.com/quote/7805.TWO/analysis/,2026-07-21,,,,,,,0.0,0.0,0.0,0.0,,,,,,,,,,,,,,,false,,,,,,,,,,,,,,,,missing_factset,Symbol not found in FactSet report,fresh,70,success,,2026-07-21 11:03:44,2026-07-21 11:05:12
5536,聖暉,TWO,5536.TWO,fallback_to_two,,https://hk.finance.yahoo.com/quote/5536.TWO/analysis/,2026-07-21,,,13.43,14.2,57.16,63.66,13483000000.0,13950000000.0,54341000000.0,59775000000.0,1.0113,1.0,0.0,1.0,0.0,57.16,41.54,63.66,44.45,2026-03-31 00:00:00,6.98,,1/3,-13.11,false,,,,,,,,,,,,,,,,missing_factset,Symbol not found in FactSet report,fresh,70,success,,2026-07-21 11:03:45,2026-07-21 11:05:12
6125,廣運,TWO,6125.TWO,fallback_to_two,,https://hk.finance.yahoo.com/quote/6125.TWO/analysis/,2026-07-21,,,0.47,0.49,1.93,1.97,1007000000.0,1174000000.0,4047000000.0,4250000000.0,,0.0,0.0,0.0,0.0,1.93,0.0,1.97,0.0,2026-03-31 00:00:00,0.46,0.16,0/2,-90.945,false,,,,,,,,,,,,,,,,missing_factset,Symbol not found in FactSet report,fresh,70,success,,2026-07-21 11:03:47,2026-07-21 11:05:12
2359,所羅門,TW,2359.TW,resolved,,https://hk.finance.yahoo.com/quote/2359.TW/analysis/,2026-07-21,,,0.23,0.51,1.92,1.52,1213000000.0,1432000000.0,5010000000.0,5515000000.0,,1.0,0.0,1.0,0.0,1.92,1.72,1.52,1.94,2025-12-31 00:00:00,0.32,1.13,2/2,226.56,false,,,,,,,,,,,,,,,,missing_factset,Symbol not found in FactSet report,fresh,70,success,,2026-07-21 11:03:48,2026-07-21 11:05:12
6506,雙邦,TWO,6506.TWO,fallback_to_two,,https://hk.finance.yahoo.com/quote/6506.TWO/analysis/,2026-07-21,,,,,,,0.0,0.0,0.0,0.0,,,,,,,,,,,,,,,false,,,,,,,,,,,,,,,,missing_factset,Symbol not found in FactSet report,fresh,70,success,,2026-07-21 11:03:49,2026-07-21 11:05:12
3293,鈊象,TWO,3293.TWO,fallback_to_two,,https://hk.finance.yahoo.com/quote/3293.TWO/analysis/,2026-07-21,,,11.50667,11.57667,46.4225,53.355,6401750000.0,6526250000.0,25922000000.0,29119000000.0,0.2055,0.0,0.0,0.0,0.0,46.4225,46.64,53.355,54.045,2026-03-31 00:00:00,10.8975,11.0,2/4,-2.0225,false,,,,,,,,,,,,,,,,missing_factset,Symbol not found in FactSet report,fresh,70,success,,2026-07-21 11:03:51,2026-07-21 11:05:12
5274,信驊,TWO,5274.TWO,fallback_to_two,,https://hk.finance.yahoo.com/quote/5274.TWO/analysis/,2026-07-21,,,40.92613,46.93935,178.5303,277.3553,3813894520.0,4336333010.0,16587589329.0,25058849830.0,0.8932,0.0,0.0,0.0,0.0,178.5303,155.29605,277.3553,226.02489,2026-03-31 00:00:00,32.38352,33.63636,3/4,6.3225,true,,8.6,184.04,-5.5097,-0.029938,293.41,-16.0547,-0.054718,15712650000.0,874939329.0,0.055684,24027580000.0,1031269830.0,0.04292,revenue_current_year=1000; revenue_next_year=1000,matched,,fresh,85,success,,2026-07-21 11:03:52,2026-07-21 11:05:12
2603,長榮,TW,2603.TW,resolved,,https://hk.finance.yahoo.com/quote/2603.TW/analysis/,2026-07-21,,,6.9025,9.915,27.02949,19.07523,100611750000.0,110378000000.0,402313261500.0,384734504710.0,-0.1457,0.0,0.0,0.0,0.0,27.02949,21.67492,19.07523,19.51513,2026-03-31 00:00:00,4.6,3.83,2/4,-0.19,false,,,,,,,,,,,,,,,,missing_factset,Symbol not found in FactSet report,fresh,70,success,,2026-07-21 11:03:54,2026-07-21 11:05:12
7547,碩網,TWO,7547.TWO,fallback_to_two,,https://hk.finance.yahoo.com/quote/7547.TWO/analysis/,2026-07-21,,,,,,,0.0,0.0,0.0,0.0,,,,,,,,,,2025-09-30 00:00:00,0.78,1.05,2/2,22.31,false,,,,,,,,,,,,,,,,missing_factset,Symbol not found in FactSet report,fresh,70,success,,2026-07-21 11:03:55,2026-07-21 11:05:12
7734,印能科技,TWO,7734.TWO,fallback_to_two,,https://hk.finance.yahoo.com/quote/7734.TWO/analysis/,2026-07-21,,,21.28,20.37,70.9,99.455,1261000000.0,1223000000.0,4493000000.0,6139000000.0,,0.0,0.0,0.0,0.0,70.9,77.19,99.455,106.88,2026-03-31 00:00:00,16.65,,1/1,69.1,false,,,,,,,,,,,,,,,,missing_factset,Symbol not found in FactSet report,fresh,70,success,,2026-07-21 11:03:57,2026-07-21 11:05:12
7736,虎山,TW,7736.TW,resolved,,https://hk.finance.yahoo.com/quote/7736.TW/analysis/,2026-07-21,,,,,,,0.0,0.0,0.0,0.0,,,,,,,,,,2025-06-30 00:00:00,1.41,0.28,2/3,2.346668,false,,,,,,,,,,,,,,,,missing_factset,Symbol not found in FactSet report,fresh,70,success,,2026-07-21 11:03:58,2026-07-21 11:05:12
7728,光焱科技,TWO,7728.TWO,fallback_to_two,,https://hk.finance.yahoo.com/quote/7728.TWO/analysis/,2026-07-21,,,,,,,0.0,0.0,0.0,0.0,,,,,,,,,,2025-06-30 00:00:00,1.55,0.17,0/3,-48.146667,false,,,,,,,,,,,,,,,,missing_factset,Symbol not found in FactSet report,fresh,70,success,,2026-07-21 11:04:00,2026-07-21 11:05:12
7732,金興精密,TW,7732.TW,resolved,,https://hk.finance.yahoo.com/quote/7732.TW/analysis/,2026-07-21,,,,,,,0.0,0.0,0.0,0.0,,,,,,,,,,,,,,,false,,,,,,,,,,,,,,,,missing_factset,Symbol not found in FactSet report,fresh,70,success,,2026-07-21 11:04:01,2026-07-21 11:05:12
7769,鴻勁,TW,7769.TW,resolved,,https://hk.finance.yahoo.com/quote/7769.TW/analysis/,2026-07-21,,,29.22281,32.37332,122.83045,206.81828,12654350760.0,14054581600.0,52729261580.0,86895807820.0,0.626,0.0,0.0,0.0,0.0,122.83045,107.44673,206.81828,158.40044,2026-03-31 00:00:00,25.53311,25.67,2/4,4.43,false,,,,,,,,,,,,,,,,missing_factset,Symbol not found in FactSet report,fresh,70,success,,2026-07-21 11:04:02,2026-07-21 11:05:12
2383,台光電,TW,2383.TW,resolved,,https://hk.finance.yahoo.com/quote/2383.TW/analysis/,2026-07-21,,,24.00905,28.39859,98.15311,173.81274,43821837280.0,48414267420.0,177018364950.0,277479816880.0,1.3555,2.0,0.0,4.0,0.0,98.15311,77.03487,173.81274,121.17948,2026-03-31 00:00:00,15.07732,14.0,0/4,-6.0275,true,,9.4,83.89,14.26311,0.170022,154.12,19.69274,0.127775,160134120000.0,16884244950.0,0.105438,252105530000.0,25374286880.0,0.100649,revenue_current_year=1000; revenue_next_year=1000,matched,,fresh,85,success,,2026-07-21 11:04:03,2026-07-21 11:05:12
7709,榮田,TWO,7709.TWO,fallback_to_two,,https://hk.finance.yahoo.com/quote/7709.TWO/analysis/,2026-07-21,,,,,,,0.0,0.0,0.0,0.0,,,,,,,,,,2024-12-31 00:00:00,,1.54,,,false,,,,,,,,,,,,,,,,missing_factset,Symbol not found in FactSet report,fresh,70,success,,2026-07-21 11:04:05,2026-07-21 11:05:12
7713,威力德生醫,TWO,7713.TWO,fallback_to_two,,https://hk.finance.yahoo.com/quote/7713.TWO/analysis/,2026-07-21,,,,,,,0.0,0.0,0.0,0.0,,,,,,,,,,,,,,,false,,,,,,,,,,,,,,,,missing_factset,Symbol not found in FactSet report,fresh,70,success,,2026-07-21 11:04:06,2026-07-21 11:05:12
3260,威剛,TWO,3260.TWO,fallback_to_two,,https://hk.finance.yahoo.com/quote/3260.TWO/analysis/,2026-07-21,,,32.26,25.38,105.24,44.33,34454000000.0,38469000000.0,140643000000.0,131319000000.0,3.5796,0.0,1.0,0.0,1.0,105.24,63.2,44.33,19.11,2026-03-31 00:00:00,28.93,,2/2,79.605,false,,,,,,,,,,,,,,,,missing_factset,Symbol not found in FactSet report,fresh,70,success,,2026-07-21 11:04:08,2026-07-21 11:05:12
4114,健喬,TWO,4114.TWO,fallback_to_two,,https://hk.finance.yahoo.com/quote/4114.TWO/analysis/,2026-07-21,,,,,,,0.0,0.0,0.0,0.0,,,,,,,,,,2025-09-30 00:00:00,0.57415,0.37968,0/3,-34.53,false,,,,,,,,,,,,,,,,missing_factset,Symbol not found in FactSet report,fresh,70,success,,2026-07-21 11:04:09,2026-07-21 11:05:12
3467,台灣精材,TWO,3467.TWO,fallback_to_two,,https://hk.finance.yahoo.com/quote/3467.TWO/analysis/,2026-07-21,,,,,,,0.0,0.0,0.0,0.0,,,,,,,,,,,,,,,false,,,,,,,,,,,,,,,,missing_factset,Symbol not found in FactSet report,fresh,70,success,,2026-07-21 11:04:11,2026-07-21 11:05:12
7737,凱鈿,TWO,7737.TWO,fallback_to_two,,https://hk.finance.yahoo.com/quote/7737.TWO/analysis/,2026-07-21,,,,,,,0.0,0.0,0.0,0.0,,,,,,,,,,,,,,,false,,,,,,,,,,,,,,,,missing_factset,Symbol not found in FactSet report,fresh,70,success,,2026-07-21 11:04:12,2026-07-21 11:05:12
6597,立誠,TWO,6597.TWO,fallback_to_two,,https://hk.finance.yahoo.com/quote/6597.TWO/analysis/,2026-07-21,,,,,,,0.0,0.0,0.0,0.0,,,,,,,,,,2025-09-30 00:00:00,1.63,1.21,1/3,-60.013333,false,,,,,,,,,,,,,,,,missing_factset,Symbol not found in FactSet report,fresh,70,success,,2026-07-21 11:04:14,2026-07-21 11:05:12
6850,光鼎生技,TWO,6850.TWO,fallback_to_two,,https://hk.finance.yahoo.com/quote/6850.TWO/analysis/,2026-07-21,,,,,,,0.0,0.0,0.0,0.0,,,,,,,,,,,,,,,false,,,,,,,,,,,,,,,,missing_factset,Symbol not found in FactSet report,fresh,70,success,,2026-07-21 11:04:15,2026-07-21 11:05:12
6902,GOGOLOOK,TW,6902.TW,resolved,,https://hk.finance.yahoo.com/quote/6902.TW/analysis/,2026-07-21,,,1.54,1.61,6.75,9.75,306000000.0,321000000.0,1284000000.0,1502000000.0,,1.0,0.0,1.0,0.0,6.75,0.0,9.75,0.0,2026-03-31 00:00:00,1.27,1.64,2/3,-97.746663,false,,,,,,,,,,,,,,,,missing_factset,Symbol not found in FactSet report,fresh,70,success,,2026-07-21 11:04:17,2026-07-21 11:05:12
6918,愛派司,TW,6918.TW,resolved,,https://hk.finance.yahoo.com/quote/6918.TW/analysis/,2026-07-21,,,,,,,0.0,0.0,0.0,0.0,,,,,,,,,,,,,,,false,,,,,,,,,,,,,,,,missing_factset,Symbol not found in FactSet report,fresh,70,success,,2026-07-21 11:04:18,2026-07-21 11:05:12
6925,意藍,TWO,6925.TWO,fallback_to_two,,https://hk.finance.yahoo.com/quote/6925.TWO/analysis/,2026-07-21,,,,,,,0.0,0.0,0.0,0.0,,,,,,,,,,,,,,,false,,,,,,,,,,,,,,,,missing_factset,Symbol not found in FactSet report,fresh,70,success,,2026-07-21 11:04:19,2026-07-21 11:05:12
7749,意騰-KY,TW,7749.TW,resolved,,https://hk.finance.yahoo.com/quote/7749.TW/analysis/,2026-07-21,,,4.06,4.95,16.48,,588000000.0,642000000.0,2321000000.0,0.0,,0.0,0.0,0.0,0.0,16.48,0.0,,,2026-03-31 00:00:00,3.05,,,,false,,,,,,,,,,,,,,,,missing_factset,Symbol not found in FactSet report,fresh,70,success,,2026-07-21 11:04:20,2026-07-21 11:05:12
2449,京元電子,TW,2449.TW,resolved,,https://hk.finance.yahoo.com/quote/2449.TW/analysis/,2026-07-21,,,2.1372,2.58544,9.75505,15.48585,11206008340.0,12803267470.0,49633398260.0,70776085430.0,0.0875,0.0,1.0,1.0,1.0,9.75505,10.26275,15.48585,14.70856,2026-03-31 00:00:00,1.87887,1.86,1/4,-0.1725,true,,8.9,9.77,-0.01495,-0.00153,15.17,0.31585,0.020821,49590110000.0,43288260.0,0.000873,70483950000.0,292135430.0,0.004145,revenue_current_year=1000; revenue_next_year=1000,matched,,fresh,85,success,,2026-07-21 11:04:22,2026-07-21 11:05:12
2345,智邦,TW,2345.TW,resolved,,https://hk.finance.yahoo.com/quote/2345.TW/analysis/,2026-07-21,,,18.66461,23.58031,83.55906,105.30108,87295148900.0,106320428450.0,383203314710.0,497678389650.0,0.7858,2.0,0.0,2.0,0.0,83.55906,68.86764,105.30108,82.78132,2026-03-31 00:00:00,13.87,14.92,4/4,5.775,true,,8.9,73.37,10.18906,0.138872,102.49,2.81108,0.027428,351363990000.0,31839324710.0,0.090616,467407940000.0,30270449650.0,0.064762,revenue_current_year=1000; revenue_next_year=1000,matched,,fresh,85,success,,2026-07-21 11:04:23,2026-07-21 11:05:12
6510,精測,TWO,6510.TWO,fallback_to_two,,https://hk.finance.yahoo.com/quote/6510.TWO/analysis/,2026-07-21,,,12.76071,20.91606,68.46013,113.51324,1570470910.0,2084863740.0,7357395480.0,11489703630.0,1.2557,3.0,0.0,2.0,0.0,68.46013,64.10894,113.51324,105.80456,2026-03-31 00:00:00,8.7517,10.0,4/4,13.1075,false,,,,,,,,,,,,,,,,missing_factset,Symbol not found in FactSet report,fresh,70,success,,2026-07-21 11:04:24,2026-07-21 11:05:12
3661,世芯-KY,TW,3661.TW,resolved,,https://hk.finance.yahoo.com/quote/3661.TW/analysis/,2026-07-21,,,21.17681,41.31744,135.1536,178.4331,8459526060.0,25313037370.0,71186608340.0,115287346880.0,1.002,0.0,2.0,0.0,2.0,135.1536,119.24354,178.4331,166.30603,2026-03-31 00:00:00,13.77605,17.23,3/4,8.4925,true,,9.4,136.49,-1.3364,-0.009791,180.19,-1.7569,-0.00975,75968590000.0,-4781981660.0,-0.062947,115479350000.0,-192003120.0,-0.001663,revenue_current_year=1000; revenue_next_year=1000,matched,,fresh,85,success,,2026-07-21 11:04:25,2026-07-21 11:05:12
2881,富邦金,TW,2881.TW,resolved,,https://hk.finance.yahoo.com/quote/2881.TW/analysis/,2026-07-21,,,4.19,2.33,10.49181,10.60812,116925900000.0,102355691330.0,376868569500.0,485518949670.0,0.2535,0.0,0.0,2.0,0.0,10.49181,8.58014,10.60812,8.07428,2026-03-31 00:00:00,2.87,4.74,4/4,56.310004,true,,8.6,9.91,0.58181,0.058709,10.04,0.56812,0.056586,418928240000.0,-42059670500.0,-0.100398,411660040000.0,73858909670.0,0.179417,revenue_current_year=1000; revenue_next_year=1000,matched,,fresh,85,success,,2026-07-21 11:04:27,2026-07-21 11:05:12
2882,國泰金,TW,2882.TW,resolved,,https://hk.finance.yahoo.com/quote/2882.TW/analysis/,2026-07-21,,,2.38,2.08667,8.34951,8.62996,99498741000.0,101535270330.0,408114913600.0,388021610670.0,0.1827,2.0,0.0,2.0,0.0,8.34951,7.19968,8.62996,7.43716,2026-03-31 00:00:00,2.305,3.31,4/4,29.62,true,,8.9,8.4,-0.05049,-0.006011,8.61,0.01996,0.002318,406306510000.0,1808403600.0,0.004451,408560210000.0,-20538599330.0,-0.050271,revenue_current_year=1000; revenue_next_year=1000,matched,,fresh,85,success,,2026-07-21 11:04:28,2026-07-21 11:05:12
2891,中信金,TW,2891.TW,resolved,,https://hk.finance.yahoo.com/quote/2891.TW/analysis/,2026-07-21,,,1.23,1.0,4.71437,4.70056,64116500000.0,59020000000.0,238825887040.0,239899876350.0,0.1612,0.0,0.0,1.0,1.0,4.71437,4.26197,4.70056,4.49987,2026-06-30 00:00:00,0.99667,,3/3,17.433333,true,,8.9,4.37,0.34437,0.078803,4.6,0.10056,0.021861,229605150000.0,9220737040.0,0.040159,235893220000.0,4006656350.0,0.016985,revenue_current_year=1000; revenue_next_year=1000,matched,,fresh,85,success,,2026-07-21 11:04:29,2026-07-21 11:05:12
2884,玉山金,TW,2884.TW,resolved,,https://hk.finance.yahoo.com/quote/2884.TW/analysis/,2026-07-21,,,0.605,0.64,2.32117,2.5374,22764000000.0,25334000000.0,96476053500.0,109418527010.0,0.0949,1.0,0.0,1.0,0.0,2.32117,2.29182,2.5374,2.45968,2026-03-31 00:00:00,0.62,0.62,4/4,3.9575,true,,8.8,2.42,-0.09883,-0.040839,2.52,0.0174,0.006905,110424950000.0,-13948896500.0,-0.12632,123927480000.0,-14508952990.0,-0.117076,revenue_current_year=1000; revenue_next_year=1000,matched,,fresh,85,success,,2026-07-21 11:04:30,2026-07-21 11:05:12
3711,日月光投控,TW,3711.TW,resolved,,https://hk.finance.yahoo.com/quote/3711.TW/analysis/,2026-07-21,,,3.85223,4.78977,17.17487,25.5857,189079776050.0,209653627040.0,792583862320.0,960132498870.0,0.9319,1.0,1.0,2.0,1.0,17.17487,14.89967,25.5857,20.59973,2026-03-31 00:00:00,2.71692,3.08,3/4,5.28,true,,9.7,15.64,1.53487,0.098137,22.82,2.7657,0.121196,773052130000.0,19531732320.0,0.025266,915943480000.0,44189018870.0,0.048244,revenue_current_year=1000; revenue_next_year=1000,matched,,fresh,85,success,,2026-07-21 11:04:31,2026-07-21 11:05:12
2408,南亞科,TW,2408.TW,resolved,,https://hk.finance.yahoo.com/quote/2408.TW/analysis/,2026-07-21,,,18.81268,20.77992,61.28292,88.63975,101145675740.0,109188714560.0,337335173850.0,502350305670.0,27.7713,1.0,0.0,3.0,0.0,61.28292,41.50953,88.63975,45.4621,2026-06-30 00:00:00,12.94536,,3/3,53.933333,true,,8.6,48.14,13.14292,0.273015,60.24,28.39975,0.471443,271085690000.0,66249483850.0,0.244386,350775390000.0,151574915670.0,0.432114,revenue_current_year=1000; revenue_next_year=1000,large_diff,eps_current_year diff_pct=0.273; eps_next_year diff_pct=0.4714; revenue_current_year diff_pct=0.2444; revenue_next_year diff_pct=0.4321,large_diff,60,success,,2026-07-21 11:04:32,2026-07-21 11:05:12
2360,致茂,TW,2360.TW,resolved,,https://hk.finance.yahoo.com/quote/2360.TW/analysis/,2026-07-21,,,10.64927,11.22584,42.51798,63.73936,12747672090.0,13310800100.0,51793792020.0,72312313810.0,0.5455,1.0,0.0,3.0,0.0,42.51798,35.56784,63.73936,45.27717,2026-03-31 00:00:00,8.92148,9.07,4/4,44.722497,true,,9.2,42.17,0.34798,0.008252,63.67,0.06936,0.001089,51474180000.0,319612020.0,0.006209,71820950000.0,491363810.0,0.006842,revenue_current_year=1000; revenue_next_year=1000,matched,,fresh,85,success,,2026-07-21 11:04:33,2026-07-21 11:05:12
3653,健策,TW,3653.TW,resolved,,https://hk.finance.yahoo.com/quote/3653.TW/analysis/,2026-07-21,,,12.32896,15.6474,57.85926,123.42289,6317136110.0,7807749800.0,29032547060.0,52880735930.0,0.601,1.0,0.0,1.0,0.0,57.85926,61.21235,123.42289,126.67615,2026-03-31 00:00:00,9.6143,,1/2,-0.96,true,,8.9,58.26,-0.40074,-0.006878,116.79,6.63289,0.056793,29314380000.0,-281832940.0,-0.009614,52982930000.0,-102194070.0,-0.001929,revenue_current_year=1000; revenue_next_year=1000,matched,,fresh,85,success,,2026-07-21 11:04:35,2026-07-21 11:05:12
3665,貿聯-KY,TW,3665.TW,resolved,,https://hk.finance.yahoo.com/quote/3665.TW/analysis/,2026-07-21,,,15.45074,18.58856,66.78664,109.8742,23064988970.0,25435321860.0,97884138200.0,133614612250.0,0.4415,0.0,3.0,0.0,6.0,66.78664,72.36993,109.8742,90.68819,2026-03-31 00:00:00,13.12604,11.61,1/4,0.145,true,,9.4,65.42,1.36664,0.02089,110.8,-0.9258,-0.008356,95352080000.0,2532058200.0,0.026555,132595650000.0,1018962250.0,0.007685,revenue_current_year=1000; revenue_next_year=1000,matched,,fresh,85,success,,2026-07-21 11:04:36,2026-07-21 11:05:12
0000,台灣加權指數,TW,,skipped_index,,,2026-07-21,,,,,,,,,,,,,,,,,,,,,,,,,false,,,,,,,,,,,,,,,,missing_factset,Symbol not found in FactSet report,missing,0,skipped_index,Index symbol is skipped for Yahoo Finance analyst analysis,2026-07-21 11:04:37,2026-07-21 11:05:12
2344,華邦電,TW,2344.TW,resolved,,https://hk.finance.yahoo.com/quote/2344.TW/analysis/,2026-07-21,,,4.75199,6.78147,22.17663,39.31203,55555591540.0,67727280950.0,250131692600.0,364026891650.0,24.2007,1.0,0.0,3.0,0.0,22.17663,16.21262,39.31203,20.17882,2026-03-31 00:00:00,1.90061,2.0,3/4,-1040.209925,true,,8.5,18.23,3.94663,0.216491,28.12,11.19203,0.39801,226952770000.0,23178922600.0,0.102131,327197040000.0,36829851650.0,0.112562,revenue_current_year=1000; revenue_next_year=1000,large_diff,eps_current_year diff_pct=0.2165; eps_next_year diff_pct=0.398,large_diff,60,success,,2026-07-21 11:04:38,2026-07-21 11:05:12
2337,旺宏,TW,2337.TW,resolved,,https://hk.finance.yahoo.com/quote/2337.TW/analysis/,2026-07-21,,,2.63911,4.54853,15.22558,35.65413,16689677720.0,21539153940.0,75870360590.0,136080649730.0,9.602,0.0,0.0,0.0,0.0,15.22558,5.80325,35.65413,15.481,2026-03-31 00:00:00,0.40433,0.9,2/4,-10.127499,false,,,,,,,,,,,,,,,,missing_factset,Symbol not found in FactSet report,fresh,70,success,,2026-07-21 11:04:39,2026-07-21 11:05:12
3443,創意,TW,3443.TW,resolved,,https://hk.finance.yahoo.com/quote/3443.TW/analysis/,2026-07-21,,,9.99653,11.7309,47.18499,96.59166,12699277310.0,14790577590.0,55810292510.0,108271141680.0,0.6774,3.0,0.0,5.0,1.0,47.18499,43.21534,96.59166,73.72305,2026-03-31 00:00:00,8.46802,12.28,2/4,10.92,true,,8.6,48.25,-1.06501,-0.022073,102.86,-6.26834,-0.060941,56378100000.0,-567807490.0,-0.010071,115245400000.0,-6974258320.0,-0.060517,revenue_current_year=1000; revenue_next_year=1000,matched,,fresh,85,success,,2026-07-21 11:04:40,2026-07-21 11:05:12
0050,元大台灣50,TW,0050.TW,not_found,,https://hk.finance.yahoo.com/quote/0050.TW/analysis/,2026-07-21,,,,,,,,,,,,,,,,,,,,,,,,,false,,,,,,,,,,,,,,,,missing_factset,Symbol not found in FactSet report,missing,0,empty,Yahoo Finance analysis returned no tables,2026-07-21 11:04:42,2026-07-21 11:05:12
0050,元大台灣50,TWO,0050.TWO,not_found,,https://hk.finance.yahoo.com/quote/0050.TWO/analysis/,2026-07-21,,,,,,,,,,,,,,,,,,,,,,,,,false,,,,,,,,,,,,,,,,missing_factset,Symbol not found in FactSet report,missing,0,empty,Yahoo Finance analysis returned no tables,2026-07-21 11:04:42,2026-07-21 11:05:12
0052,富邦科技,TW,0052.TW,not_found,,https://hk.finance.yahoo.com/quote/0052.TW/analysis/,2026-07-21,,,,,,,,,,,,,,,,,,,,,,,,,false,,,,,,,,,,,,,,,,missing_factset,Symbol not found in FactSet report,missing,0,empty,Yahoo Finance analysis returned no tables,2026-07-21 11:04:43,2026-07-21 11:05:12
0052,富邦科技,TWO,0052.TWO,not_found,,https://hk.finance.yahoo.com/quote/0052.TWO/analysis/,2026-07-21,,,,,,,,,,,,,,,,,,,,,,,,,false,,,,,,,,,,,,,,,,missing_factset,Symbol not found in FactSet report,missing,0,empty,Yahoo Finance analysis returned no tables,2026-07-21 11:04:44,2026-07-21 11:05:12
2851,中再保,TW,2851.TW,resolved,,https://hk.finance.yahoo.com/quote/2851.TW/analysis/,2026-07-21,,,,,,,0.0,0.0,0.0,0.0,,,,,,,,,,,,,,,false,,,,,,,,,,,,,,,,missing_factset,Symbol not found in FactSet report,fresh,70,success,,2026-07-21 11:04:45,2026-07-21 11:05:12
TSM,Taiwan Semiconductor Manufacturing Company Limited,US,TSM,resolved,TSMC概念,https://hk.finance.yahoo.com/quote/TSM/analysis/,2026-07-21,,,4.49778,4.9585,17.05012,21.44629,1446304992240.0,1580726731690.0,5375623083050.0,7050890808430.0,0.601,1.0,0.0,3.0,0.0,17.05012,15.45789,21.44629,19.175,2026-06-30 00:00:00,3.88658,4.31,4/4,8.0825,false,,,,,,,,,,,,,,,,missing_factset,Symbol not found in FactSet report,fresh,70,success,,2026-07-21 11:04:46,2026-07-21 11:05:12
NVDA,NVIDIA Corporation,US,NVDA,resolved,nVidia概念,https://hk.finance.yahoo.com/quote/NVDA/analysis/,2026-07-21,,,2.08175,2.34839,8.98594,12.84363,91804003000.0,102988131160.0,393498769840.0,559742476240.0,0.8838,34.0,3.0,34.0,3.0,8.98594,8.33947,12.84363,11.22813,2026-04-30 00:00:00,1.77191,1.87,4/4,4.605,false,,,,,,,,,,,,,,,,missing_factset,Symbol not found in FactSet report,fresh,70,success,,2026-07-21 11:04:47,2026-07-21 11:05:12
AVGO,Broadcom Inc.,US,AVGO,resolved,Broadcom概念,https://hk.finance.yahoo.com/quote/AVGO/analysis/,2026-07-21,,,3.23823,3.87377,11.62393,19.4169,29435187950.0,34934805800.0,106040046320.0,172390221660.0,0.7044,1.0,0.0,25.0,9.0,11.62393,11.37183,19.4169,17.99941,2026-04-30 00:00:00,2.39835,2.44,4/4,2.26,false,,,,,,,,,,,,,,,,missing_factset,Symbol not found in FactSet report,fresh,70,success,,2026-07-21 11:04:48,2026-07-21 11:05:12
GOOGL,Alphabet Inc.,US,GOOGL,resolved,Google概念,https://hk.finance.yahoo.com/quote/GOOGL/analysis/,2026-07-21,,,2.89051,3.00767,14.24942,14.68672,116907225680.0,123931464190.0,489095911780.0,585828100300.0,0.3184,1.0,1.0,1.0,4.0,14.24942,11.57395,14.68672,13.38445,2026-03-31 00:00:00,2.66714,5.11,4/4,32.7875,false,,,,,,,,,,,,,,,,missing_factset,Symbol not found in FactSet report,fresh,70,success,,2026-07-21 11:04:50,2026-07-21 11:05:12
AMZN,Amazon.com Inc.,US,AMZN,resolved,Amazon概念,https://hk.finance.yahoo.com/quote/AMZN/analysis/,2026-07-21,,,1.81787,1.90987,8.69221,9.90453,195968021830.0,203978008190.0,823126497700.0,931001786450.0,0.2164,1.0,0.0,1.0,2.0,8.69221,7.74241,9.90453,9.48351,2026-03-31 00:00:00,1.65303,2.78,3/4,29.755,false,,,,,,,,,,,,,,,,missing_factset,Symbol not found in FactSet report,fresh,70,success,,2026-07-21 11:04:51,2026-07-21 11:05:12
META,Meta Platforms Inc.,US,META,resolved,Meta概念,https://hk.finance.yahoo.com/quote/META/analysis/,2026-07-21,,,7.23001,7.06608,32.99946,34.94933,60257954600.0,63214180560.0,252979941400.0,302680275610.0,0.0762,1.0,0.0,22.0,13.0,32.99946,29.61803,34.94933,34.36378,2026-03-31 00:00:00,6.65872,10.44,3/4,0.352501,false,,,,,,,,,,,,,,,,missing_factset,Symbol not found in FactSet report,fresh,70,success,,2026-07-21 11:04:52,2026-07-21 11:05:12
-,OpenAI,US,-,skipped_private_or_missing_ticker,OpenAI概念,https://hk.finance.yahoo.com/quote/-/analysis/,2026-07-21,,,,,,,,,,,,,,,,,,,,,,,,,false,,,,,,,,,,,,,,,,missing_factset,Symbol not found in FactSet report,missing,0,skipped_private_or_missing_ticker,Private company or missing ticker,2026-07-21 11:04:53,2026-07-21 11:05:12
MSFT,Microsoft Corporation,US,MSFT,resolved,Microsoft概念,https://hk.finance.yahoo.com/quote/MSFT/analysis/,2026-07-21,,,4.23972,4.61963,16.82369,19.38105,87672487440.0,89730482620.0,329545298600.0,384735109860.0,0.2334,10.0,17.0,8.0,17.0,16.82369,16.59449,19.38105,18.89955,2026-03-31 00:00:00,4.07062,4.27,4/4,7.8525,false,,,,,,,,,,,,,,,,missing_factset,Symbol not found in FactSet report,fresh,70,success,,2026-07-21 11:04:54,2026-07-21 11:05:12
AMD,Advanced Micro Devices,US,AMD,resolved,AMD概念,https://hk.finance.yahoo.com/quote/AMD/analysis/,2026-07-21,,,1.60898,1.83751,7.43322,13.46474,11300934900.0,12452989590.0,49648650490.0,78148482870.0,0.7825,0.0,1.0,2.0,1.0,7.43322,6.67359,13.46474,10.96327,2026-03-31 00:00:00,1.29468,1.37,3/4,5.9325,false,,,,,,,,,,,,,,,,missing_factset,Symbol not found in FactSet report,fresh,70,success,,2026-07-21 11:04:55,2026-07-21 11:05:12
AAPL,Apple Inc.,US,AAPL,resolved,Apple概念,https://hk.finance.yahoo.com/quote/AAPL/analysis/,2026-07-21,,,1.89396,2.0179,8.7676,9.7111,108881511420.0,114819264110.0,478714605930.0,522949683990.0,0.1746,0.0,0.0,24.0,0.0,8.7676,8.50388,9.7111,9.38071,2026-03-31 00:00:00,1.94275,2.01,4/4,6.11,false,,,,,,,,,,,,,,,,missing_factset,Symbol not found in FactSet report,fresh,70,success,,2026-07-21 11:04:56,2026-07-21 11:05:12
ORCL,Oracle Corporation,US,ORCL,resolved,Oracle概念,https://hk.finance.yahoo.com/quote/ORCL/analysis/,2026-07-21,,,1.73873,1.88617,8.04416,10.87473,19122456910.0,21146163020.0,89247722140.0,130425163890.0,0.0543,1.0,0.0,19.0,6.0,8.04416,7.969,10.87473,10.73261,2026-05-31 00:00:00,1.96241,2.11,3/4,12.6575,false,,,,,,,,,,,,,,,,missing_factset,Symbol not found in FactSet report,fresh,70,success,,2026-07-21 11:04:58,2026-07-21 11:05:12
MU,"Micron Technology, Inc.",US,MU,resolved,Micron概念,https://hk.finance.yahoo.com/quote/MU/analysis/,2026-07-21,,,31.32898,34.86624,73.39003,150.91197,50838974970.0,56711909380.0,129701954380.0,235287612560.0,7.8528,24.0,1.0,25.0,0.0,73.39003,57.83713,150.91197,100.52567,2026-05-31 00:00:00,20.70941,25.11,4/4,20.245,false,,,,,,,,,,,,,,,,missing_factset,Symbol not found in FactSet report,fresh,70,success,,2026-07-21 11:05:10,2026-07-21 11:05:12
SNDK,Sandisk Corp,US,SNDK,resolved,SanDisk概念,https://hk.finance.yahoo.com/quote/SNDK/analysis/,2026-07-21,,,34.15089,43.8017,66.38745,212.60059,8335988620.0,10623917970.0,19786484220.0,49873928750.0,21.203201,2.0,0.0,3.0,0.0,66.38745,43.06506,212.60059,107.1519,2026-03-31 00:00:00,14.66111,23.41,4/4,235.664999,false,,,,,,,,,,,,,,,,missing_factset,Symbol not found in FactSet report,fresh,70,success,,2026-07-21 11:05:00,2026-07-21 11:05:12
QCOM,Qualcomm Inc.,US,QCOM,resolved,Qualcomm概念,https://hk.finance.yahoo.com/quote/QCOM/analysis/,2026-07-21,,,2.227,2.37651,10.80958,10.99971,9675027540.0,10041785930.0,42575477410.0,44048555450.0,-0.1014,2.0,1.0,2.0,1.0,10.80958,11.08638,10.99971,11.04898,2026-03-31 00:00:00,2.56433,2.65,4/4,3.145,false,,,,,,,,,,,,,,,,missing_factset,Symbol not found in FactSet report,fresh,70,success,,2026-07-21 11:05:01,2026-07-21 11:05:12
LNVGY,Lenovo Group ADR,US,LNVGY,resolved,Lenovo概念,https://hk.finance.yahoo.com/quote/LNVGY/analysis/,2026-07-21,,,,,3.97189,4.9533,22311263110.0,23871626190.0,94136399250.0,104530881240.0,0.3322,,,,,3.97189,2.29044,4.9533,0.0,,,,,,false,,,,,,,,,,,,,,,,missing_factset,Symbol not found in FactSet report,fresh,70,success,,2026-07-21 11:05:02,2026-07-21 11:05:12
DELL,Dell Technologies,US,DELL,resolved,Dell概念,https://hk.finance.yahoo.com/quote/DELL/analysis/,2026-07-21,,,4.89516,3.8925,18.38255,19.4275,44394929400.0,40499922720.0,171127169470.0,192335878130.0,0.7847,1.0,0.0,20.0,0.0,18.38255,12.91447,19.4275,12.28667,2026-04-30 00:00:00,2.96358,4.86,4/4,20.13,false,,,,,,,,,,,,,,,,missing_factset,Symbol not found in FactSet report,fresh,70,success,,2026-07-21 11:05:03,2026-07-21 11:05:12
HPQ,HP Inc.,US,HPQ,resolved,HPQ概念,https://hk.finance.yahoo.com/quote/HPQ/analysis/,2026-07-21,,,0.6575,0.67073,3.01588,3.00958,14341089800.0,14430827070.0,57730457540.0,57720172040.0,-0.0334,8.0,2.0,8.0,2.0,3.01588,2.8875,3.00958,2.97403,2026-04-30 00:00:00,0.71514,0.86,3/4,6.6475,false,,,,,,,,,,,,,,,,missing_factset,Symbol not found in FactSet report,fresh,70,success,,2026-07-21 11:05:04,2026-07-21 11:05:12
HPE,Hewlett Packard Enterprise Co.,US,HPE,resolved,HPE概念,https://hk.finance.yahoo.com/quote/HPE/analysis/,2026-07-21,,,0.92098,1.05594,3.41289,3.99861,11899048180.0,12989141530.0,44936313760.0,49903085180.0,0.7592,1.0,0.0,17.0,0.0,3.41289,2.41638,3.99861,2.72466,2026-04-30 00:00:00,0.53369,0.79,4/4,17.684999,false,,,,,,,,,,,,,,,,missing_factset,Symbol not found in FactSet report,fresh,70,success,,2026-07-21 11:05:06,2026-07-21 11:05:12
INTC,Intel Corporation,US,INTC,resolved,Intel概念,https://hk.finance.yahoo.com/quote/INTC/analysis/,2026-07-21,,,0.21657,0.27442,1.11042,1.61366,14446089180.0,15163555710.0,58890623810.0,66355456320.0,1.6439,0.0,1.0,1.0,1.0,1.11042,0.55294,1.61366,1.10696,2026-03-31 00:00:00,0.01313,0.29,3/4,1035.49,false,,,,,,,,,,,,,,,,missing_factset,Symbol not found in FactSet report,fresh,70,success,,2026-07-21 11:05:07,2026-07-21 11:05:12
ASML,ASML Holding N.V.,US,ASML,resolved,ASML概念,https://hk.finance.yahoo.com/quote/ASML/analysis/,2026-07-21,,,10.58262,13.14231,37.89034,50.38386,11544352790.0,13865184920.0,42968890620.0,53540644630.0,0.5334,0.0,1.0,1.0,1.0,37.89034,31.2628,50.38386,40.63032,2026-06-30 00:00:00,6.8954,7.58,3/4,4.335,false,,,,,,,,,,,,,,,,missing_factset,Symbol not found in FactSet report,fresh,70,success,,2026-07-21 11:05:08,2026-07-21 11:05:12
ARM,Arm Holdings plc,US,ARM,resolved,ARM概念,https://hk.finance.yahoo.com/quote/ARM/analysis/,2026-07-21,,,0.40036,0.4331,2.1681,3.0796,1264054490.0,1340053250.0,5968984350.0,8087779700.0,0.2249,0.0,1.0,0.0,1.0,2.1681,2.14473,3.0796,2.94697,2026-03-31 00:00:00,0.5793,0.6,3/4,6.5125,false,,,,,,,,,,,,,,,,missing_factset,Symbol not found in FactSet report,fresh,70,success,,2026-07-21 11:05:09,2026-07-21 11:05:12
