stock_code,company_name,market,yahoo_symbol,symbol_resolution_status,concept_name,source_url,section,source_method,period,metric,metric_zh,value,unit,currency,fetch_status,error_message,source_metadata_timestamp,download_timestamp,process_timestamp
2330,台積電,TW,2330.TW,resolved,,https://hk.finance.yahoo.com/quote/2330.TW/analysis/,收益預估,get_revenue_estimate,0q,avg,平均值,1261220195310,revenue,TWD,success,,,2026-05-11 03:26:00,2026-05-11 03:26:00
2330,台積電,TW,2330.TW,resolved,,https://hk.finance.yahoo.com/quote/2330.TW/analysis/,收益預估,get_revenue_estimate,0q,low,最低值,1225000000000,revenue,TWD,success,,,2026-05-11 03:26:00,2026-05-11 03:26:00
2330,台積電,TW,2330.TW,resolved,,https://hk.finance.yahoo.com/quote/2330.TW/analysis/,收益預估,get_revenue_estimate,0q,high,最高值,1283000000000,revenue,TWD,success,,,2026-05-11 03:26:00,2026-05-11 03:26:00
2330,台積電,TW,2330.TW,resolved,,https://hk.finance.yahoo.com/quote/2330.TW/analysis/,收益預估,get_revenue_estimate,0q,numberOfAnalysts,分析師數量,21,count,TWD,success,,,2026-05-11 03:26:00,2026-05-11 03:26:00
2330,台積電,TW,2330.TW,resolved,,https://hk.finance.yahoo.com/quote/2330.TW/analysis/,收益預估,get_revenue_estimate,0q,yearAgoRevenue,yearAgoRevenue,933792000000,revenue,TWD,success,,,2026-05-11 03:26:00,2026-05-11 03:26:00
2330,台積電,TW,2330.TW,resolved,,https://hk.finance.yahoo.com/quote/2330.TW/analysis/,收益預估,get_revenue_estimate,0q,growth,成長率,0.3506,pct,TWD,success,,,2026-05-11 03:26:00,2026-05-11 03:26:00
2330,台積電,TW,2330.TW,resolved,,https://hk.finance.yahoo.com/quote/2330.TW/analysis/,收益預估,get_revenue_estimate,currency,0q,0q,TWD,revenue,TWD,success,,,2026-05-11 03:26:00,2026-05-11 03:26:00
2330,台積電,TW,2330.TW,resolved,,https://hk.finance.yahoo.com/quote/2330.TW/analysis/,收益預估,get_revenue_estimate,+1q,avg,平均值,1370938623130,revenue,TWD,success,,,2026-05-11 03:26:00,2026-05-11 03:26:00
2330,台積電,TW,2330.TW,resolved,,https://hk.finance.yahoo.com/quote/2330.TW/analysis/,收益預估,get_revenue_estimate,+1q,low,最低值,1307682000000,revenue,TWD,success,,,2026-05-11 03:26:00,2026-05-11 03:26:00
2330,台積電,TW,2330.TW,resolved,,https://hk.finance.yahoo.com/quote/2330.TW/analysis/,收益預估,get_revenue_estimate,+1q,high,最高值,1428000000000,revenue,TWD,success,,,2026-05-11 03:26:00,2026-05-11 03:26:00
2330,台積電,TW,2330.TW,resolved,,https://hk.finance.yahoo.com/quote/2330.TW/analysis/,收益預估,get_revenue_estimate,+1q,numberOfAnalysts,分析師數量,21,count,TWD,success,,,2026-05-11 03:26:00,2026-05-11 03:26:00
2330,台積電,TW,2330.TW,resolved,,https://hk.finance.yahoo.com/quote/2330.TW/analysis/,收益預估,get_revenue_estimate,+1q,yearAgoRevenue,yearAgoRevenue,989918000000,revenue,TWD,success,,,2026-05-11 03:26:00,2026-05-11 03:26:00
2330,台積電,TW,2330.TW,resolved,,https://hk.finance.yahoo.com/quote/2330.TW/analysis/,收益預估,get_revenue_estimate,+1q,growth,成長率,0.3849,pct,TWD,success,,,2026-05-11 03:26:00,2026-05-11 03:26:00
2330,台積電,TW,2330.TW,resolved,,https://hk.finance.yahoo.com/quote/2330.TW/analysis/,收益預估,get_revenue_estimate,currency,+1q,+1q,TWD,revenue,TWD,success,,,2026-05-11 03:26:00,2026-05-11 03:26:00
2330,台積電,TW,2330.TW,resolved,,https://hk.finance.yahoo.com/quote/2330.TW/analysis/,收益預估,get_revenue_estimate,0y,avg,平均值,5154472432340,revenue,TWD,success,,,2026-05-11 03:26:00,2026-05-11 03:26:00
2330,台積電,TW,2330.TW,resolved,,https://hk.finance.yahoo.com/quote/2330.TW/analysis/,收益預估,get_revenue_estimate,0y,low,最低值,4879000000000,revenue,TWD,success,,,2026-05-11 03:26:00,2026-05-11 03:26:00
2330,台積電,TW,2330.TW,resolved,,https://hk.finance.yahoo.com/quote/2330.TW/analysis/,收益預估,get_revenue_estimate,0y,high,最高值,5320357566640,revenue,TWD,success,,,2026-05-11 03:26:00,2026-05-11 03:26:00
2330,台積電,TW,2330.TW,resolved,,https://hk.finance.yahoo.com/quote/2330.TW/analysis/,收益預估,get_revenue_estimate,0y,numberOfAnalysts,分析師數量,37,count,TWD,success,,,2026-05-11 03:26:00,2026-05-11 03:26:00
2330,台積電,TW,2330.TW,resolved,,https://hk.finance.yahoo.com/quote/2330.TW/analysis/,收益預估,get_revenue_estimate,0y,yearAgoRevenue,yearAgoRevenue,3809054000000,revenue,TWD,success,,,2026-05-11 03:26:00,2026-05-11 03:26:00
2330,台積電,TW,2330.TW,resolved,,https://hk.finance.yahoo.com/quote/2330.TW/analysis/,收益預估,get_revenue_estimate,0y,growth,成長率,0.3532,pct,TWD,success,,,2026-05-11 03:26:00,2026-05-11 03:26:00
2330,台積電,TW,2330.TW,resolved,,https://hk.finance.yahoo.com/quote/2330.TW/analysis/,收益預估,get_revenue_estimate,currency,0y,0y,TWD,revenue,TWD,success,,,2026-05-11 03:26:00,2026-05-11 03:26:00
2330,台積電,TW,2330.TW,resolved,,https://hk.finance.yahoo.com/quote/2330.TW/analysis/,收益預估,get_revenue_estimate,+1y,avg,平均值,6495906782970,revenue,TWD,success,,,2026-05-11 03:26:00,2026-05-11 03:26:00
2330,台積電,TW,2330.TW,resolved,,https://hk.finance.yahoo.com/quote/2330.TW/analysis/,收益預估,get_revenue_estimate,+1y,low,最低值,5222782950000,revenue,TWD,success,,,2026-05-11 03:26:00,2026-05-11 03:26:00
2330,台積電,TW,2330.TW,resolved,,https://hk.finance.yahoo.com/quote/2330.TW/analysis/,收益預估,get_revenue_estimate,+1y,high,最高值,7071348934370,revenue,TWD,success,,,2026-05-11 03:26:00,2026-05-11 03:26:00
2330,台積電,TW,2330.TW,resolved,,https://hk.finance.yahoo.com/quote/2330.TW/analysis/,收益預估,get_revenue_estimate,+1y,numberOfAnalysts,分析師數量,37,count,TWD,success,,,2026-05-11 03:26:00,2026-05-11 03:26:00
2330,台積電,TW,2330.TW,resolved,,https://hk.finance.yahoo.com/quote/2330.TW/analysis/,收益預估,get_revenue_estimate,+1y,yearAgoRevenue,yearAgoRevenue,5154472432340,revenue,TWD,success,,,2026-05-11 03:26:00,2026-05-11 03:26:00
2330,台積電,TW,2330.TW,resolved,,https://hk.finance.yahoo.com/quote/2330.TW/analysis/,收益預估,get_revenue_estimate,+1y,growth,成長率,0.2602,pct,TWD,success,,,2026-05-11 03:26:00,2026-05-11 03:26:00
2330,台積電,TW,2330.TW,resolved,,https://hk.finance.yahoo.com/quote/2330.TW/analysis/,收益預估,get_revenue_estimate,currency,+1y,+1y,TWD,revenue,TWD,success,,,2026-05-11 03:26:00,2026-05-11 03:26:00
2330,台積電,TW,2330.TW,resolved,,https://hk.finance.yahoo.com/quote/2330.TW/analysis/,盈利預估,get_earnings_estimate,0q,avg,平均值,23.67717,eps,TWD,success,,,2026-05-11 03:26:00,2026-05-11 03:26:00
2330,台積電,TW,2330.TW,resolved,,https://hk.finance.yahoo.com/quote/2330.TW/analysis/,盈利預估,get_earnings_estimate,0q,low,最低值,22.81,eps,TWD,success,,,2026-05-11 03:26:00,2026-05-11 03:26:00
2330,台積電,TW,2330.TW,resolved,,https://hk.finance.yahoo.com/quote/2330.TW/analysis/,盈利預估,get_earnings_estimate,0q,high,最高值,24.91,eps,TWD,success,,,2026-05-11 03:26:00,2026-05-11 03:26:00
2330,台積電,TW,2330.TW,resolved,,https://hk.finance.yahoo.com/quote/2330.TW/analysis/,盈利預估,get_earnings_estimate,0q,yearAgoEps,去年EPS,15.36,eps,TWD,success,,,2026-05-11 03:26:00,2026-05-11 03:26:00
2330,台積電,TW,2330.TW,resolved,,https://hk.finance.yahoo.com/quote/2330.TW/analysis/,盈利預估,get_earnings_estimate,0q,numberOfAnalysts,分析師數量,21,count,TWD,success,,,2026-05-11 03:26:00,2026-05-11 03:26:00
2330,台積電,TW,2330.TW,resolved,,https://hk.finance.yahoo.com/quote/2330.TW/analysis/,盈利預估,get_earnings_estimate,0q,growth,成長率,0.54150003,pct,TWD,success,,,2026-05-11 03:26:00,2026-05-11 03:26:00
2330,台積電,TW,2330.TW,resolved,,https://hk.finance.yahoo.com/quote/2330.TW/analysis/,盈利預估,get_earnings_estimate,currency,0q,0q,TWD,eps,TWD,success,,,2026-05-11 03:26:00,2026-05-11 03:26:00
2330,台積電,TW,2330.TW,resolved,,https://hk.finance.yahoo.com/quote/2330.TW/analysis/,盈利預估,get_earnings_estimate,+1q,avg,平均值,25.9785,eps,TWD,success,,,2026-05-11 03:26:00,2026-05-11 03:26:00
2330,台積電,TW,2330.TW,resolved,,https://hk.finance.yahoo.com/quote/2330.TW/analysis/,盈利預估,get_earnings_estimate,+1q,low,最低值,23.67,eps,TWD,success,,,2026-05-11 03:26:00,2026-05-11 03:26:00
2330,台積電,TW,2330.TW,resolved,,https://hk.finance.yahoo.com/quote/2330.TW/analysis/,盈利預估,get_earnings_estimate,+1q,high,最高值,27.78,eps,TWD,success,,,2026-05-11 03:26:00,2026-05-11 03:26:00
2330,台積電,TW,2330.TW,resolved,,https://hk.finance.yahoo.com/quote/2330.TW/analysis/,盈利預估,get_earnings_estimate,+1q,yearAgoEps,去年EPS,17.44,eps,TWD,success,,,2026-05-11 03:26:00,2026-05-11 03:26:00
2330,台積電,TW,2330.TW,resolved,,https://hk.finance.yahoo.com/quote/2330.TW/analysis/,盈利預估,get_earnings_estimate,+1q,numberOfAnalysts,分析師數量,21,count,TWD,success,,,2026-05-11 03:26:00,2026-05-11 03:26:00
2330,台積電,TW,2330.TW,resolved,,https://hk.finance.yahoo.com/quote/2330.TW/analysis/,盈利預估,get_earnings_estimate,+1q,growth,成長率,0.4896,pct,TWD,success,,,2026-05-11 03:26:00,2026-05-11 03:26:00
2330,台積電,TW,2330.TW,resolved,,https://hk.finance.yahoo.com/quote/2330.TW/analysis/,盈利預估,get_earnings_estimate,currency,+1q,+1q,TWD,eps,TWD,success,,,2026-05-11 03:26:00,2026-05-11 03:26:00
2330,台積電,TW,2330.TW,resolved,,https://hk.finance.yahoo.com/quote/2330.TW/analysis/,盈利預估,get_earnings_estimate,0y,avg,平均值,97.49372,eps,TWD,success,,,2026-05-11 03:26:00,2026-05-11 03:26:00
2330,台積電,TW,2330.TW,resolved,,https://hk.finance.yahoo.com/quote/2330.TW/analysis/,盈利預估,get_earnings_estimate,0y,low,最低值,90.56,eps,TWD,success,,,2026-05-11 03:26:00,2026-05-11 03:26:00
2330,台積電,TW,2330.TW,resolved,,https://hk.finance.yahoo.com/quote/2330.TW/analysis/,盈利預估,get_earnings_estimate,0y,high,最高值,103.34,eps,TWD,success,,,2026-05-11 03:26:00,2026-05-11 03:26:00
2330,台積電,TW,2330.TW,resolved,,https://hk.finance.yahoo.com/quote/2330.TW/analysis/,盈利預估,get_earnings_estimate,0y,yearAgoEps,去年EPS,66.25,eps,TWD,success,,,2026-05-11 03:26:00,2026-05-11 03:26:00
2330,台積電,TW,2330.TW,resolved,,https://hk.finance.yahoo.com/quote/2330.TW/analysis/,盈利預估,get_earnings_estimate,0y,numberOfAnalysts,分析師數量,31,count,TWD,success,,,2026-05-11 03:26:00,2026-05-11 03:26:00
2330,台積電,TW,2330.TW,resolved,,https://hk.finance.yahoo.com/quote/2330.TW/analysis/,盈利預估,get_earnings_estimate,0y,growth,成長率,0.4716,pct,TWD,success,,,2026-05-11 03:26:00,2026-05-11 03:26:00
2330,台積電,TW,2330.TW,resolved,,https://hk.finance.yahoo.com/quote/2330.TW/analysis/,盈利預估,get_earnings_estimate,currency,0y,0y,TWD,eps,TWD,success,,,2026-05-11 03:26:00,2026-05-11 03:26:00
2330,台積電,TW,2330.TW,resolved,,https://hk.finance.yahoo.com/quote/2330.TW/analysis/,盈利預估,get_earnings_estimate,+1y,avg,平均值,120.76629,eps,TWD,success,,,2026-05-11 03:26:00,2026-05-11 03:26:00
2330,台積電,TW,2330.TW,resolved,,https://hk.finance.yahoo.com/quote/2330.TW/analysis/,盈利預估,get_earnings_estimate,+1y,low,最低值,87.0,eps,TWD,success,,,2026-05-11 03:26:00,2026-05-11 03:26:00
2330,台積電,TW,2330.TW,resolved,,https://hk.finance.yahoo.com/quote/2330.TW/analysis/,盈利預估,get_earnings_estimate,+1y,high,最高值,137.6,eps,TWD,success,,,2026-05-11 03:26:00,2026-05-11 03:26:00
2330,台積電,TW,2330.TW,resolved,,https://hk.finance.yahoo.com/quote/2330.TW/analysis/,盈利預估,get_earnings_estimate,+1y,yearAgoEps,去年EPS,97.49372,eps,TWD,success,,,2026-05-11 03:26:00,2026-05-11 03:26:00
2330,台積電,TW,2330.TW,resolved,,https://hk.finance.yahoo.com/quote/2330.TW/analysis/,盈利預估,get_earnings_estimate,+1y,numberOfAnalysts,分析師數量,34,count,TWD,success,,,2026-05-11 03:26:00,2026-05-11 03:26:00
2330,台積電,TW,2330.TW,resolved,,https://hk.finance.yahoo.com/quote/2330.TW/analysis/,盈利預估,get_earnings_estimate,+1y,growth,成長率,0.2387,pct,TWD,success,,,2026-05-11 03:26:00,2026-05-11 03:26:00
2330,台積電,TW,2330.TW,resolved,,https://hk.finance.yahoo.com/quote/2330.TW/analysis/,盈利預估,get_earnings_estimate,currency,+1y,+1y,TWD,eps,TWD,success,,,2026-05-11 03:26:00,2026-05-11 03:26:00
2330,台積電,TW,2330.TW,resolved,,https://hk.finance.yahoo.com/quote/2330.TW/analysis/,盈利記錄,get_earnings_history,2025-06-30 00:00:00,epsActual,EPS實際,15.36,eps,TWD,success,,,2026-05-11 03:26:00,2026-05-11 03:26:00
2330,台積電,TW,2330.TW,resolved,,https://hk.finance.yahoo.com/quote/2330.TW/analysis/,盈利記錄,get_earnings_history,2025-06-30 00:00:00,epsEstimate,EPS預估,14.50309,eps,TWD,success,,,2026-05-11 03:26:00,2026-05-11 03:26:00
2330,台積電,TW,2330.TW,resolved,,https://hk.finance.yahoo.com/quote/2330.TW/analysis/,盈利記錄,get_earnings_history,2025-06-30 00:00:00,epsDifference,EPS差異,0.86,eps,TWD,success,,,2026-05-11 03:26:00,2026-05-11 03:26:00
2330,台積電,TW,2330.TW,resolved,,https://hk.finance.yahoo.com/quote/2330.TW/analysis/,盈利記錄,get_earnings_history,2025-06-30 00:00:00,surprisePercent,驚喜百分比,0.0591,pct,TWD,success,,,2026-05-11 03:26:00,2026-05-11 03:26:00
2330,台積電,TW,2330.TW,resolved,,https://hk.finance.yahoo.com/quote/2330.TW/analysis/,盈利記錄,get_earnings_history,2025-09-30 00:00:00,epsActual,EPS實際,17.44,eps,TWD,success,,,2026-05-11 03:26:00,2026-05-11 03:26:00
2330,台積電,TW,2330.TW,resolved,,https://hk.finance.yahoo.com/quote/2330.TW/analysis/,盈利記錄,get_earnings_history,2025-09-30 00:00:00,epsEstimate,EPS預估,15.8066,eps,TWD,success,,,2026-05-11 03:26:00,2026-05-11 03:26:00
2330,台積電,TW,2330.TW,resolved,,https://hk.finance.yahoo.com/quote/2330.TW/analysis/,盈利記錄,get_earnings_history,2025-09-30 00:00:00,epsDifference,EPS差異,1.63,eps,TWD,success,,,2026-05-11 03:26:00,2026-05-11 03:26:00
2330,台積電,TW,2330.TW,resolved,,https://hk.finance.yahoo.com/quote/2330.TW/analysis/,盈利記錄,get_earnings_history,2025-09-30 00:00:00,surprisePercent,驚喜百分比,0.1033,pct,TWD,success,,,2026-05-11 03:26:00,2026-05-11 03:26:00
2330,台積電,TW,2330.TW,resolved,,https://hk.finance.yahoo.com/quote/2330.TW/analysis/,盈利記錄,get_earnings_history,2025-12-31 00:00:00,epsActual,EPS實際,19.5,eps,TWD,success,,,2026-05-11 03:26:00,2026-05-11 03:26:00
2330,台積電,TW,2330.TW,resolved,,https://hk.finance.yahoo.com/quote/2330.TW/analysis/,盈利記錄,get_earnings_history,2025-12-31 00:00:00,epsEstimate,EPS預估,18.15044,eps,TWD,success,,,2026-05-11 03:26:00,2026-05-11 03:26:00
2330,台積電,TW,2330.TW,resolved,,https://hk.finance.yahoo.com/quote/2330.TW/analysis/,盈利記錄,get_earnings_history,2025-12-31 00:00:00,epsDifference,EPS差異,1.35,eps,TWD,success,,,2026-05-11 03:26:00,2026-05-11 03:26:00
2330,台積電,TW,2330.TW,resolved,,https://hk.finance.yahoo.com/quote/2330.TW/analysis/,盈利記錄,get_earnings_history,2025-12-31 00:00:00,surprisePercent,驚喜百分比,0.0744,pct,TWD,success,,,2026-05-11 03:26:00,2026-05-11 03:26:00
2330,台積電,TW,2330.TW,resolved,,https://hk.finance.yahoo.com/quote/2330.TW/analysis/,盈利記錄,get_earnings_history,2026-03-31 00:00:00,epsActual,EPS實際,22.08,eps,TWD,success,,,2026-05-11 03:26:00,2026-05-11 03:26:00
2330,台積電,TW,2330.TW,resolved,,https://hk.finance.yahoo.com/quote/2330.TW/analysis/,盈利記錄,get_earnings_history,2026-03-31 00:00:00,epsEstimate,EPS預估,20.96342,eps,TWD,success,,,2026-05-11 03:26:00,2026-05-11 03:26:00
2330,台積電,TW,2330.TW,resolved,,https://hk.finance.yahoo.com/quote/2330.TW/analysis/,盈利記錄,get_earnings_history,2026-03-31 00:00:00,epsDifference,EPS差異,1.12,eps,TWD,success,,,2026-05-11 03:26:00,2026-05-11 03:26:00
2330,台積電,TW,2330.TW,resolved,,https://hk.finance.yahoo.com/quote/2330.TW/analysis/,盈利記錄,get_earnings_history,2026-03-31 00:00:00,surprisePercent,驚喜百分比,0.0533,pct,TWD,success,,,2026-05-11 03:26:00,2026-05-11 03:26:00
2330,台積電,TW,2330.TW,resolved,,https://hk.finance.yahoo.com/quote/2330.TW/analysis/,每股盈利走勢,get_eps_trend,0q,current,目前,23.67717,eps,TWD,success,,,2026-05-11 03:26:00,2026-05-11 03:26:00
2330,台積電,TW,2330.TW,resolved,,https://hk.finance.yahoo.com/quote/2330.TW/analysis/,每股盈利走勢,get_eps_trend,0q,7daysAgo,7天前,23.62439,eps,TWD,success,,,2026-05-11 03:26:00,2026-05-11 03:26:00
2330,台積電,TW,2330.TW,resolved,,https://hk.finance.yahoo.com/quote/2330.TW/analysis/,每股盈利走勢,get_eps_trend,0q,30daysAgo,30天前,21.65136,eps,TWD,success,,,2026-05-11 03:26:00,2026-05-11 03:26:00
2330,台積電,TW,2330.TW,resolved,,https://hk.finance.yahoo.com/quote/2330.TW/analysis/,每股盈利走勢,get_eps_trend,0q,60daysAgo,60天前,21.58664,eps,TWD,success,,,2026-05-11 03:26:00,2026-05-11 03:26:00
2330,台積電,TW,2330.TW,resolved,,https://hk.finance.yahoo.com/quote/2330.TW/analysis/,每股盈利走勢,get_eps_trend,0q,90daysAgo,90天前,21.58664,eps,TWD,success,,,2026-05-11 03:26:00,2026-05-11 03:26:00
2330,台積電,TW,2330.TW,resolved,,https://hk.finance.yahoo.com/quote/2330.TW/analysis/,每股盈利走勢,get_eps_trend,currency,0q,0q,TWD,eps,TWD,success,,,2026-05-11 03:26:00,2026-05-11 03:26:00
2330,台積電,TW,2330.TW,resolved,,https://hk.finance.yahoo.com/quote/2330.TW/analysis/,每股盈利走勢,get_eps_trend,+1q,current,目前,25.9785,eps,TWD,success,,,2026-05-11 03:26:00,2026-05-11 03:26:00
2330,台積電,TW,2330.TW,resolved,,https://hk.finance.yahoo.com/quote/2330.TW/analysis/,每股盈利走勢,get_eps_trend,+1q,7daysAgo,7天前,25.86996,eps,TWD,success,,,2026-05-11 03:26:00,2026-05-11 03:26:00
2330,台積電,TW,2330.TW,resolved,,https://hk.finance.yahoo.com/quote/2330.TW/analysis/,每股盈利走勢,get_eps_trend,+1q,30daysAgo,30天前,23.99108,eps,TWD,success,,,2026-05-11 03:26:00,2026-05-11 03:26:00
2330,台積電,TW,2330.TW,resolved,,https://hk.finance.yahoo.com/quote/2330.TW/analysis/,每股盈利走勢,get_eps_trend,+1q,60daysAgo,60天前,23.87863,eps,TWD,success,,,2026-05-11 03:26:00,2026-05-11 03:26:00
2330,台積電,TW,2330.TW,resolved,,https://hk.finance.yahoo.com/quote/2330.TW/analysis/,每股盈利走勢,get_eps_trend,+1q,90daysAgo,90天前,23.87863,eps,TWD,success,,,2026-05-11 03:26:00,2026-05-11 03:26:00
2330,台積電,TW,2330.TW,resolved,,https://hk.finance.yahoo.com/quote/2330.TW/analysis/,每股盈利走勢,get_eps_trend,currency,+1q,+1q,TWD,eps,TWD,success,,,2026-05-11 03:26:00,2026-05-11 03:26:00
2330,台積電,TW,2330.TW,resolved,,https://hk.finance.yahoo.com/quote/2330.TW/analysis/,每股盈利走勢,get_eps_trend,0y,current,目前,97.49372,eps,TWD,success,,,2026-05-11 03:26:00,2026-05-11 03:26:00
2330,台積電,TW,2330.TW,resolved,,https://hk.finance.yahoo.com/quote/2330.TW/analysis/,每股盈利走勢,get_eps_trend,0y,7daysAgo,7天前,97.49372,eps,TWD,success,,,2026-05-11 03:26:00,2026-05-11 03:26:00
2330,台積電,TW,2330.TW,resolved,,https://hk.finance.yahoo.com/quote/2330.TW/analysis/,每股盈利走勢,get_eps_trend,0y,30daysAgo,30天前,90.76586,eps,TWD,success,,,2026-05-11 03:26:00,2026-05-11 03:26:00
2330,台積電,TW,2330.TW,resolved,,https://hk.finance.yahoo.com/quote/2330.TW/analysis/,每股盈利走勢,get_eps_trend,0y,60daysAgo,60天前,89.56271,eps,TWD,success,,,2026-05-11 03:26:00,2026-05-11 03:26:00
2330,台積電,TW,2330.TW,resolved,,https://hk.finance.yahoo.com/quote/2330.TW/analysis/,每股盈利走勢,get_eps_trend,0y,90daysAgo,90天前,89.4102,eps,TWD,success,,,2026-05-11 03:26:00,2026-05-11 03:26:00
2330,台積電,TW,2330.TW,resolved,,https://hk.finance.yahoo.com/quote/2330.TW/analysis/,每股盈利走勢,get_eps_trend,currency,0y,0y,TWD,eps,TWD,success,,,2026-05-11 03:26:00,2026-05-11 03:26:00
2330,台積電,TW,2330.TW,resolved,,https://hk.finance.yahoo.com/quote/2330.TW/analysis/,每股盈利走勢,get_eps_trend,+1y,current,目前,120.76629,eps,TWD,success,,,2026-05-11 03:26:00,2026-05-11 03:26:00
2330,台積電,TW,2330.TW,resolved,,https://hk.finance.yahoo.com/quote/2330.TW/analysis/,每股盈利走勢,get_eps_trend,+1y,7daysAgo,7天前,120.76629,eps,TWD,success,,,2026-05-11 03:26:00,2026-05-11 03:26:00
2330,台積電,TW,2330.TW,resolved,,https://hk.finance.yahoo.com/quote/2330.TW/analysis/,每股盈利走勢,get_eps_trend,+1y,30daysAgo,30天前,111.36306,eps,TWD,success,,,2026-05-11 03:26:00,2026-05-11 03:26:00
2330,台積電,TW,2330.TW,resolved,,https://hk.finance.yahoo.com/quote/2330.TW/analysis/,每股盈利走勢,get_eps_trend,+1y,60daysAgo,60天前,109.49674,eps,TWD,success,,,2026-05-11 03:26:00,2026-05-11 03:26:00
2330,台積電,TW,2330.TW,resolved,,https://hk.finance.yahoo.com/quote/2330.TW/analysis/,每股盈利走勢,get_eps_trend,+1y,90daysAgo,90天前,108.33586,eps,TWD,success,,,2026-05-11 03:26:00,2026-05-11 03:26:00
2330,台積電,TW,2330.TW,resolved,,https://hk.finance.yahoo.com/quote/2330.TW/analysis/,每股盈利走勢,get_eps_trend,currency,+1y,+1y,TWD,eps,TWD,success,,,2026-05-11 03:26:00,2026-05-11 03:26:00
2330,台積電,TW,2330.TW,resolved,,https://hk.finance.yahoo.com/quote/2330.TW/analysis/,每股盈利修改,get_eps_revisions,0q,upLast7days,近7天上修,0,count,TWD,success,,,2026-05-11 03:26:00,2026-05-11 03:26:00
2330,台積電,TW,2330.TW,resolved,,https://hk.finance.yahoo.com/quote/2330.TW/analysis/,每股盈利修改,get_eps_revisions,0q,upLast30days,近30天上修,18,count,TWD,success,,,2026-05-11 03:26:00,2026-05-11 03:26:00
2330,台積電,TW,2330.TW,resolved,,https://hk.finance.yahoo.com/quote/2330.TW/analysis/,每股盈利修改,get_eps_revisions,0q,downLast30days,近30天下修,0,count,TWD,success,,,2026-05-11 03:26:00,2026-05-11 03:26:00
2330,台積電,TW,2330.TW,resolved,,https://hk.finance.yahoo.com/quote/2330.TW/analysis/,每股盈利修改,get_eps_revisions,0q,downLast7Days,downLast7Days,1,,TWD,success,,,2026-05-11 03:26:00,2026-05-11 03:26:00
2330,台積電,TW,2330.TW,resolved,,https://hk.finance.yahoo.com/quote/2330.TW/analysis/,每股盈利修改,get_eps_revisions,currency,0q,0q,TWD,,TWD,success,,,2026-05-11 03:26:00,2026-05-11 03:26:00
2330,台積電,TW,2330.TW,resolved,,https://hk.finance.yahoo.com/quote/2330.TW/analysis/,每股盈利修改,get_eps_revisions,+1q,upLast7days,近7天上修,0,count,TWD,success,,,2026-05-11 03:26:00,2026-05-11 03:26:00
2330,台積電,TW,2330.TW,resolved,,https://hk.finance.yahoo.com/quote/2330.TW/analysis/,每股盈利修改,get_eps_revisions,+1q,upLast30days,近30天上修,17,count,TWD,success,,,2026-05-11 03:26:00,2026-05-11 03:26:00
2330,台積電,TW,2330.TW,resolved,,https://hk.finance.yahoo.com/quote/2330.TW/analysis/,每股盈利修改,get_eps_revisions,+1q,downLast30days,近30天下修,0,count,TWD,success,,,2026-05-11 03:26:00,2026-05-11 03:26:00
2330,台積電,TW,2330.TW,resolved,,https://hk.finance.yahoo.com/quote/2330.TW/analysis/,每股盈利修改,get_eps_revisions,+1q,downLast7Days,downLast7Days,1,,TWD,success,,,2026-05-11 03:26:00,2026-05-11 03:26:00
2330,台積電,TW,2330.TW,resolved,,https://hk.finance.yahoo.com/quote/2330.TW/analysis/,每股盈利修改,get_eps_revisions,currency,+1q,+1q,TWD,,TWD,success,,,2026-05-11 03:26:00,2026-05-11 03:26:00
2330,台積電,TW,2330.TW,resolved,,https://hk.finance.yahoo.com/quote/2330.TW/analysis/,每股盈利修改,get_eps_revisions,0y,upLast7days,近7天上修,1,count,TWD,success,,,2026-05-11 03:26:00,2026-05-11 03:26:00
2330,台積電,TW,2330.TW,resolved,,https://hk.finance.yahoo.com/quote/2330.TW/analysis/,每股盈利修改,get_eps_revisions,0y,upLast30days,近30天上修,23,count,TWD,success,,,2026-05-11 03:26:00,2026-05-11 03:26:00
2330,台積電,TW,2330.TW,resolved,,https://hk.finance.yahoo.com/quote/2330.TW/analysis/,每股盈利修改,get_eps_revisions,0y,downLast30days,近30天下修,0,count,TWD,success,,,2026-05-11 03:26:00,2026-05-11 03:26:00
2330,台積電,TW,2330.TW,resolved,,https://hk.finance.yahoo.com/quote/2330.TW/analysis/,每股盈利修改,get_eps_revisions,0y,downLast7Days,downLast7Days,0,,TWD,success,,,2026-05-11 03:26:00,2026-05-11 03:26:00
2330,台積電,TW,2330.TW,resolved,,https://hk.finance.yahoo.com/quote/2330.TW/analysis/,每股盈利修改,get_eps_revisions,currency,0y,0y,TWD,,TWD,success,,,2026-05-11 03:26:00,2026-05-11 03:26:00
2330,台積電,TW,2330.TW,resolved,,https://hk.finance.yahoo.com/quote/2330.TW/analysis/,每股盈利修改,get_eps_revisions,+1y,upLast7days,近7天上修,2,count,TWD,success,,,2026-05-11 03:26:00,2026-05-11 03:26:00
2330,台積電,TW,2330.TW,resolved,,https://hk.finance.yahoo.com/quote/2330.TW/analysis/,每股盈利修改,get_eps_revisions,+1y,upLast30days,近30天上修,23,count,TWD,success,,,2026-05-11 03:26:00,2026-05-11 03:26:00
2330,台積電,TW,2330.TW,resolved,,https://hk.finance.yahoo.com/quote/2330.TW/analysis/,每股盈利修改,get_eps_revisions,+1y,downLast30days,近30天下修,1,count,TWD,success,,,2026-05-11 03:26:00,2026-05-11 03:26:00
2330,台積電,TW,2330.TW,resolved,,https://hk.finance.yahoo.com/quote/2330.TW/analysis/,每股盈利修改,get_eps_revisions,+1y,downLast7Days,downLast7Days,0,,TWD,success,,,2026-05-11 03:26:00,2026-05-11 03:26:00
2330,台積電,TW,2330.TW,resolved,,https://hk.finance.yahoo.com/quote/2330.TW/analysis/,每股盈利修改,get_eps_revisions,currency,+1y,+1y,TWD,,TWD,success,,,2026-05-11 03:26:00,2026-05-11 03:26:00
2330,台積電,TW,2330.TW,resolved,,https://hk.finance.yahoo.com/quote/2330.TW/analysis/,預計增長,get_growth_estimates,0q,stockTrend,公司成長,0.54150003,pct,TWD,success,,,2026-05-11 03:26:00,2026-05-11 03:26:00
2330,台積電,TW,2330.TW,resolved,,https://hk.finance.yahoo.com/quote/2330.TW/analysis/,預計增長,get_growth_estimates,0q,indexTrend,指數成長,0.2482,pct,TWD,success,,,2026-05-11 03:26:00,2026-05-11 03:26:00
2330,台積電,TW,2330.TW,resolved,,https://hk.finance.yahoo.com/quote/2330.TW/analysis/,預計增長,get_growth_estimates,+1q,stockTrend,公司成長,0.4896,pct,TWD,success,,,2026-05-11 03:26:00,2026-05-11 03:26:00
2330,台積電,TW,2330.TW,resolved,,https://hk.finance.yahoo.com/quote/2330.TW/analysis/,預計增長,get_growth_estimates,+1q,indexTrend,指數成長,0.20729999,pct,TWD,success,,,2026-05-11 03:26:00,2026-05-11 03:26:00
2330,台積電,TW,2330.TW,resolved,,https://hk.finance.yahoo.com/quote/2330.TW/analysis/,預計增長,get_growth_estimates,0y,stockTrend,公司成長,0.4716,pct,TWD,success,,,2026-05-11 03:26:00,2026-05-11 03:26:00
2330,台積電,TW,2330.TW,resolved,,https://hk.finance.yahoo.com/quote/2330.TW/analysis/,預計增長,get_growth_estimates,0y,indexTrend,指數成長,0.2188,pct,TWD,success,,,2026-05-11 03:26:00,2026-05-11 03:26:00
2330,台積電,TW,2330.TW,resolved,,https://hk.finance.yahoo.com/quote/2330.TW/analysis/,預計增長,get_growth_estimates,+1y,stockTrend,公司成長,0.2387,pct,TWD,success,,,2026-05-11 03:26:00,2026-05-11 03:26:00
2330,台積電,TW,2330.TW,resolved,,https://hk.finance.yahoo.com/quote/2330.TW/analysis/,預計增長,get_growth_estimates,+1y,indexTrend,指數成長,0.152,pct,TWD,success,,,2026-05-11 03:26:00,2026-05-11 03:26:00
2330,台積電,TW,2330.TW,resolved,,https://hk.finance.yahoo.com/quote/2330.TW/analysis/,預計增長,get_growth_estimates,LTG,indexTrend,指數成長,0.122,pct,TWD,success,,,2026-05-11 03:26:00,2026-05-11 03:26:00
NVDA,NVIDIA Corporation,US,NVDA,resolved,nVidia概念,https://hk.finance.yahoo.com/quote/NVDA/analysis/,收益預估,get_revenue_estimate,0q,avg,平均值,78785307760,revenue,USD,success,,2026-04-30 12:57:44,2026-05-11 03:26:01,2026-05-11 03:26:00
NVDA,NVIDIA Corporation,US,NVDA,resolved,nVidia概念,https://hk.finance.yahoo.com/quote/NVDA/analysis/,收益預估,get_revenue_estimate,0q,low,最低值,77896000000,revenue,USD,success,,2026-04-30 12:57:44,2026-05-11 03:26:01,2026-05-11 03:26:00
NVDA,NVIDIA Corporation,US,NVDA,resolved,nVidia概念,https://hk.finance.yahoo.com/quote/NVDA/analysis/,收益預估,get_revenue_estimate,0q,high,最高值,85512000000,revenue,USD,success,,2026-04-30 12:57:44,2026-05-11 03:26:01,2026-05-11 03:26:00
NVDA,NVIDIA Corporation,US,NVDA,resolved,nVidia概念,https://hk.finance.yahoo.com/quote/NVDA/analysis/,收益預估,get_revenue_estimate,0q,numberOfAnalysts,分析師數量,41,count,USD,success,,2026-04-30 12:57:44,2026-05-11 03:26:01,2026-05-11 03:26:00
NVDA,NVIDIA Corporation,US,NVDA,resolved,nVidia概念,https://hk.finance.yahoo.com/quote/NVDA/analysis/,收益預估,get_revenue_estimate,0q,yearAgoRevenue,yearAgoRevenue,44062000000,revenue,USD,success,,2026-04-30 12:57:44,2026-05-11 03:26:01,2026-05-11 03:26:00
NVDA,NVIDIA Corporation,US,NVDA,resolved,nVidia概念,https://hk.finance.yahoo.com/quote/NVDA/analysis/,收益預估,get_revenue_estimate,0q,growth,成長率,0.7881,pct,USD,success,,2026-04-30 12:57:44,2026-05-11 03:26:01,2026-05-11 03:26:00
NVDA,NVIDIA Corporation,US,NVDA,resolved,nVidia概念,https://hk.finance.yahoo.com/quote/NVDA/analysis/,收益預估,get_revenue_estimate,currency,0q,0q,USD,revenue,USD,success,,2026-04-30 12:57:44,2026-05-11 03:26:01,2026-05-11 03:26:00
NVDA,NVIDIA Corporation,US,NVDA,resolved,nVidia概念,https://hk.finance.yahoo.com/quote/NVDA/analysis/,收益預估,get_revenue_estimate,+1q,avg,平均值,86642155140,revenue,USD,success,,2026-04-30 12:57:44,2026-05-11 03:26:01,2026-05-11 03:26:00
NVDA,NVIDIA Corporation,US,NVDA,resolved,nVidia概念,https://hk.finance.yahoo.com/quote/NVDA/analysis/,收益預估,get_revenue_estimate,+1q,low,最低值,82114000000,revenue,USD,success,,2026-04-30 12:57:44,2026-05-11 03:26:01,2026-05-11 03:26:00
NVDA,NVIDIA Corporation,US,NVDA,resolved,nVidia概念,https://hk.finance.yahoo.com/quote/NVDA/analysis/,收益預估,get_revenue_estimate,+1q,high,最高值,96655000000,revenue,USD,success,,2026-04-30 12:57:44,2026-05-11 03:26:01,2026-05-11 03:26:00
NVDA,NVIDIA Corporation,US,NVDA,resolved,nVidia概念,https://hk.finance.yahoo.com/quote/NVDA/analysis/,收益預估,get_revenue_estimate,+1q,numberOfAnalysts,分析師數量,40,count,USD,success,,2026-04-30 12:57:44,2026-05-11 03:26:01,2026-05-11 03:26:00
NVDA,NVIDIA Corporation,US,NVDA,resolved,nVidia概念,https://hk.finance.yahoo.com/quote/NVDA/analysis/,收益預估,get_revenue_estimate,+1q,yearAgoRevenue,yearAgoRevenue,46743000000,revenue,USD,success,,2026-04-30 12:57:44,2026-05-11 03:26:01,2026-05-11 03:26:00
NVDA,NVIDIA Corporation,US,NVDA,resolved,nVidia概念,https://hk.finance.yahoo.com/quote/NVDA/analysis/,收益預估,get_revenue_estimate,+1q,growth,成長率,0.8536,pct,USD,success,,2026-04-30 12:57:44,2026-05-11 03:26:01,2026-05-11 03:26:00
NVDA,NVIDIA Corporation,US,NVDA,resolved,nVidia概念,https://hk.finance.yahoo.com/quote/NVDA/analysis/,收益預估,get_revenue_estimate,currency,+1q,+1q,USD,revenue,USD,success,,2026-04-30 12:57:44,2026-05-11 03:26:01,2026-05-11 03:26:00
NVDA,NVIDIA Corporation,US,NVDA,resolved,nVidia概念,https://hk.finance.yahoo.com/quote/NVDA/analysis/,收益預估,get_revenue_estimate,0y,avg,平均值,370911753560,revenue,USD,success,,2026-04-30 12:57:44,2026-05-11 03:26:01,2026-05-11 03:26:00
NVDA,NVIDIA Corporation,US,NVDA,resolved,nVidia概念,https://hk.finance.yahoo.com/quote/NVDA/analysis/,收益預估,get_revenue_estimate,0y,low,最低值,332925000000,revenue,USD,success,,2026-04-30 12:57:44,2026-05-11 03:26:01,2026-05-11 03:26:00
NVDA,NVIDIA Corporation,US,NVDA,resolved,nVidia概念,https://hk.finance.yahoo.com/quote/NVDA/analysis/,收益預估,get_revenue_estimate,0y,high,最高值,444361500000,revenue,USD,success,,2026-04-30 12:57:44,2026-05-11 03:26:01,2026-05-11 03:26:00
NVDA,NVIDIA Corporation,US,NVDA,resolved,nVidia概念,https://hk.finance.yahoo.com/quote/NVDA/analysis/,收益預估,get_revenue_estimate,0y,numberOfAnalysts,分析師數量,52,count,USD,success,,2026-04-30 12:57:44,2026-05-11 03:26:01,2026-05-11 03:26:00
NVDA,NVIDIA Corporation,US,NVDA,resolved,nVidia概念,https://hk.finance.yahoo.com/quote/NVDA/analysis/,收益預估,get_revenue_estimate,0y,yearAgoRevenue,yearAgoRevenue,215938000000,revenue,USD,success,,2026-04-30 12:57:44,2026-05-11 03:26:01,2026-05-11 03:26:00
NVDA,NVIDIA Corporation,US,NVDA,resolved,nVidia概念,https://hk.finance.yahoo.com/quote/NVDA/analysis/,收益預估,get_revenue_estimate,0y,growth,成長率,0.71769994,pct,USD,success,,2026-04-30 12:57:44,2026-05-11 03:26:01,2026-05-11 03:26:00
NVDA,NVIDIA Corporation,US,NVDA,resolved,nVidia概念,https://hk.finance.yahoo.com/quote/NVDA/analysis/,收益預估,get_revenue_estimate,currency,0y,0y,USD,revenue,USD,success,,2026-04-30 12:57:44,2026-05-11 03:26:01,2026-05-11 03:26:00
NVDA,NVIDIA Corporation,US,NVDA,resolved,nVidia概念,https://hk.finance.yahoo.com/quote/NVDA/analysis/,收益預估,get_revenue_estimate,+1y,avg,平均值,485834707830,revenue,USD,success,,2026-04-30 12:57:44,2026-05-11 03:26:01,2026-05-11 03:26:00
NVDA,NVIDIA Corporation,US,NVDA,resolved,nVidia概念,https://hk.finance.yahoo.com/quote/NVDA/analysis/,收益預估,get_revenue_estimate,+1y,low,最低值,307277000000,revenue,USD,success,,2026-04-30 12:57:44,2026-05-11 03:26:01,2026-05-11 03:26:00
NVDA,NVIDIA Corporation,US,NVDA,resolved,nVidia概念,https://hk.finance.yahoo.com/quote/NVDA/analysis/,收益預估,get_revenue_estimate,+1y,high,最高值,625912800000,revenue,USD,success,,2026-04-30 12:57:44,2026-05-11 03:26:01,2026-05-11 03:26:00
NVDA,NVIDIA Corporation,US,NVDA,resolved,nVidia概念,https://hk.finance.yahoo.com/quote/NVDA/analysis/,收益預估,get_revenue_estimate,+1y,numberOfAnalysts,分析師數量,54,count,USD,success,,2026-04-30 12:57:44,2026-05-11 03:26:01,2026-05-11 03:26:00
NVDA,NVIDIA Corporation,US,NVDA,resolved,nVidia概念,https://hk.finance.yahoo.com/quote/NVDA/analysis/,收益預估,get_revenue_estimate,+1y,yearAgoRevenue,yearAgoRevenue,370911753560,revenue,USD,success,,2026-04-30 12:57:44,2026-05-11 03:26:01,2026-05-11 03:26:00
NVDA,NVIDIA Corporation,US,NVDA,resolved,nVidia概念,https://hk.finance.yahoo.com/quote/NVDA/analysis/,收益預估,get_revenue_estimate,+1y,growth,成長率,0.3098,pct,USD,success,,2026-04-30 12:57:44,2026-05-11 03:26:01,2026-05-11 03:26:00
NVDA,NVIDIA Corporation,US,NVDA,resolved,nVidia概念,https://hk.finance.yahoo.com/quote/NVDA/analysis/,收益預估,get_revenue_estimate,currency,+1y,+1y,USD,revenue,USD,success,,2026-04-30 12:57:44,2026-05-11 03:26:01,2026-05-11 03:26:00
NVDA,NVIDIA Corporation,US,NVDA,resolved,nVidia概念,https://hk.finance.yahoo.com/quote/NVDA/analysis/,盈利預估,get_earnings_estimate,0q,avg,平均值,1.77461,eps,USD,success,,2026-04-30 12:57:44,2026-05-11 03:26:01,2026-05-11 03:26:00
NVDA,NVIDIA Corporation,US,NVDA,resolved,nVidia概念,https://hk.finance.yahoo.com/quote/NVDA/analysis/,盈利預估,get_earnings_estimate,0q,low,最低值,1.69,eps,USD,success,,2026-04-30 12:57:44,2026-05-11 03:26:01,2026-05-11 03:26:00
NVDA,NVIDIA Corporation,US,NVDA,resolved,nVidia概念,https://hk.finance.yahoo.com/quote/NVDA/analysis/,盈利預估,get_earnings_estimate,0q,high,最高值,1.99,eps,USD,success,,2026-04-30 12:57:44,2026-05-11 03:26:01,2026-05-11 03:26:00
NVDA,NVIDIA Corporation,US,NVDA,resolved,nVidia概念,https://hk.finance.yahoo.com/quote/NVDA/analysis/,盈利預估,get_earnings_estimate,0q,yearAgoEps,去年EPS,0.81,eps,USD,success,,2026-04-30 12:57:44,2026-05-11 03:26:01,2026-05-11 03:26:00
NVDA,NVIDIA Corporation,US,NVDA,resolved,nVidia概念,https://hk.finance.yahoo.com/quote/NVDA/analysis/,盈利預估,get_earnings_estimate,0q,numberOfAnalysts,分析師數量,38,count,USD,success,,2026-04-30 12:57:44,2026-05-11 03:26:01,2026-05-11 03:26:00
NVDA,NVIDIA Corporation,US,NVDA,resolved,nVidia概念,https://hk.finance.yahoo.com/quote/NVDA/analysis/,盈利預估,get_earnings_estimate,0q,growth,成長率,1.1909,pct,USD,success,,2026-04-30 12:57:44,2026-05-11 03:26:01,2026-05-11 03:26:00
NVDA,NVIDIA Corporation,US,NVDA,resolved,nVidia概念,https://hk.finance.yahoo.com/quote/NVDA/analysis/,盈利預估,get_earnings_estimate,currency,0q,0q,USD,eps,USD,success,,2026-04-30 12:57:44,2026-05-11 03:26:01,2026-05-11 03:26:00
NVDA,NVIDIA Corporation,US,NVDA,resolved,nVidia概念,https://hk.finance.yahoo.com/quote/NVDA/analysis/,盈利預估,get_earnings_estimate,+1q,avg,平均值,1.95182,eps,USD,success,,2026-04-30 12:57:44,2026-05-11 03:26:01,2026-05-11 03:26:00
NVDA,NVIDIA Corporation,US,NVDA,resolved,nVidia概念,https://hk.finance.yahoo.com/quote/NVDA/analysis/,盈利預估,get_earnings_estimate,+1q,low,最低值,1.83,eps,USD,success,,2026-04-30 12:57:44,2026-05-11 03:26:01,2026-05-11 03:26:00
NVDA,NVIDIA Corporation,US,NVDA,resolved,nVidia概念,https://hk.finance.yahoo.com/quote/NVDA/analysis/,盈利預估,get_earnings_estimate,+1q,high,最高值,2.24,eps,USD,success,,2026-04-30 12:57:44,2026-05-11 03:26:01,2026-05-11 03:26:00
NVDA,NVIDIA Corporation,US,NVDA,resolved,nVidia概念,https://hk.finance.yahoo.com/quote/NVDA/analysis/,盈利預估,get_earnings_estimate,+1q,yearAgoEps,去年EPS,1.05,eps,USD,success,,2026-04-30 12:57:44,2026-05-11 03:26:01,2026-05-11 03:26:00
NVDA,NVIDIA Corporation,US,NVDA,resolved,nVidia概念,https://hk.finance.yahoo.com/quote/NVDA/analysis/,盈利預估,get_earnings_estimate,+1q,numberOfAnalysts,分析師數量,37,count,USD,success,,2026-04-30 12:57:44,2026-05-11 03:26:01,2026-05-11 03:26:00
NVDA,NVIDIA Corporation,US,NVDA,resolved,nVidia概念,https://hk.finance.yahoo.com/quote/NVDA/analysis/,盈利預估,get_earnings_estimate,+1q,growth,成長率,0.8589,pct,USD,success,,2026-04-30 12:57:44,2026-05-11 03:26:01,2026-05-11 03:26:00
NVDA,NVIDIA Corporation,US,NVDA,resolved,nVidia概念,https://hk.finance.yahoo.com/quote/NVDA/analysis/,盈利預估,get_earnings_estimate,currency,+1q,+1q,USD,eps,USD,success,,2026-04-30 12:57:44,2026-05-11 03:26:01,2026-05-11 03:26:00
NVDA,NVIDIA Corporation,US,NVDA,resolved,nVidia概念,https://hk.finance.yahoo.com/quote/NVDA/analysis/,盈利預估,get_earnings_estimate,0y,avg,平均值,8.34076,eps,USD,success,,2026-04-30 12:57:44,2026-05-11 03:26:01,2026-05-11 03:26:00
NVDA,NVIDIA Corporation,US,NVDA,resolved,nVidia概念,https://hk.finance.yahoo.com/quote/NVDA/analysis/,盈利預估,get_earnings_estimate,0y,low,最低值,7.68,eps,USD,success,,2026-04-30 12:57:44,2026-05-11 03:26:01,2026-05-11 03:26:00
NVDA,NVIDIA Corporation,US,NVDA,resolved,nVidia概念,https://hk.finance.yahoo.com/quote/NVDA/analysis/,盈利預估,get_earnings_estimate,0y,high,最高值,9.4,eps,USD,success,,2026-04-30 12:57:44,2026-05-11 03:26:01,2026-05-11 03:26:00
NVDA,NVIDIA Corporation,US,NVDA,resolved,nVidia概念,https://hk.finance.yahoo.com/quote/NVDA/analysis/,盈利預估,get_earnings_estimate,0y,yearAgoEps,去年EPS,4.77,eps,USD,success,,2026-04-30 12:57:44,2026-05-11 03:26:01,2026-05-11 03:26:00
NVDA,NVIDIA Corporation,US,NVDA,resolved,nVidia概念,https://hk.finance.yahoo.com/quote/NVDA/analysis/,盈利預估,get_earnings_estimate,0y,numberOfAnalysts,分析師數量,46,count,USD,success,,2026-04-30 12:57:44,2026-05-11 03:26:01,2026-05-11 03:26:00
NVDA,NVIDIA Corporation,US,NVDA,resolved,nVidia概念,https://hk.finance.yahoo.com/quote/NVDA/analysis/,盈利預估,get_earnings_estimate,0y,growth,成長率,0.7486,pct,USD,success,,2026-04-30 12:57:44,2026-05-11 03:26:01,2026-05-11 03:26:00
NVDA,NVIDIA Corporation,US,NVDA,resolved,nVidia概念,https://hk.finance.yahoo.com/quote/NVDA/analysis/,盈利預估,get_earnings_estimate,currency,0y,0y,USD,eps,USD,success,,2026-04-30 12:57:44,2026-05-11 03:26:01,2026-05-11 03:26:00
NVDA,NVIDIA Corporation,US,NVDA,resolved,nVidia概念,https://hk.finance.yahoo.com/quote/NVDA/analysis/,盈利預估,get_earnings_estimate,+1y,avg,平均值,11.28592,eps,USD,success,,2026-04-30 12:57:44,2026-05-11 03:26:01,2026-05-11 03:26:00
NVDA,NVIDIA Corporation,US,NVDA,resolved,nVidia概念,https://hk.finance.yahoo.com/quote/NVDA/analysis/,盈利預估,get_earnings_estimate,+1y,low,最低值,8.23,eps,USD,success,,2026-04-30 12:57:44,2026-05-11 03:26:01,2026-05-11 03:26:00
NVDA,NVIDIA Corporation,US,NVDA,resolved,nVidia概念,https://hk.finance.yahoo.com/quote/NVDA/analysis/,盈利預估,get_earnings_estimate,+1y,high,最高值,14.8,eps,USD,success,,2026-04-30 12:57:44,2026-05-11 03:26:01,2026-05-11 03:26:00
NVDA,NVIDIA Corporation,US,NVDA,resolved,nVidia概念,https://hk.finance.yahoo.com/quote/NVDA/analysis/,盈利預估,get_earnings_estimate,+1y,yearAgoEps,去年EPS,8.34076,eps,USD,success,,2026-04-30 12:57:44,2026-05-11 03:26:01,2026-05-11 03:26:00
NVDA,NVIDIA Corporation,US,NVDA,resolved,nVidia概念,https://hk.finance.yahoo.com/quote/NVDA/analysis/,盈利預估,get_earnings_estimate,+1y,numberOfAnalysts,分析師數量,46,count,USD,success,,2026-04-30 12:57:44,2026-05-11 03:26:01,2026-05-11 03:26:00
NVDA,NVIDIA Corporation,US,NVDA,resolved,nVidia概念,https://hk.finance.yahoo.com/quote/NVDA/analysis/,盈利預估,get_earnings_estimate,+1y,growth,成長率,0.3531,pct,USD,success,,2026-04-30 12:57:44,2026-05-11 03:26:01,2026-05-11 03:26:00
NVDA,NVIDIA Corporation,US,NVDA,resolved,nVidia概念,https://hk.finance.yahoo.com/quote/NVDA/analysis/,盈利預估,get_earnings_estimate,currency,+1y,+1y,USD,eps,USD,success,,2026-04-30 12:57:44,2026-05-11 03:26:01,2026-05-11 03:26:00
NVDA,NVIDIA Corporation,US,NVDA,resolved,nVidia概念,https://hk.finance.yahoo.com/quote/NVDA/analysis/,盈利記錄,get_earnings_history,2025-04-30 00:00:00,epsActual,EPS實際,0.81,eps,USD,success,,2026-04-30 12:57:44,2026-05-11 03:26:01,2026-05-11 03:26:00
NVDA,NVIDIA Corporation,US,NVDA,resolved,nVidia概念,https://hk.finance.yahoo.com/quote/NVDA/analysis/,盈利記錄,get_earnings_history,2025-04-30 00:00:00,epsEstimate,EPS預估,0.74988,eps,USD,success,,2026-04-30 12:57:44,2026-05-11 03:26:01,2026-05-11 03:26:00
NVDA,NVIDIA Corporation,US,NVDA,resolved,nVidia概念,https://hk.finance.yahoo.com/quote/NVDA/analysis/,盈利記錄,get_earnings_history,2025-04-30 00:00:00,epsDifference,EPS差異,0.06,eps,USD,success,,2026-04-30 12:57:44,2026-05-11 03:26:01,2026-05-11 03:26:00
NVDA,NVIDIA Corporation,US,NVDA,resolved,nVidia概念,https://hk.finance.yahoo.com/quote/NVDA/analysis/,盈利記錄,get_earnings_history,2025-04-30 00:00:00,surprisePercent,驚喜百分比,0.0802,pct,USD,success,,2026-04-30 12:57:44,2026-05-11 03:26:01,2026-05-11 03:26:00
NVDA,NVIDIA Corporation,US,NVDA,resolved,nVidia概念,https://hk.finance.yahoo.com/quote/NVDA/analysis/,盈利記錄,get_earnings_history,2025-07-31 00:00:00,epsActual,EPS實際,1.05,eps,USD,success,,2026-04-30 12:57:44,2026-05-11 03:26:01,2026-05-11 03:26:00
NVDA,NVIDIA Corporation,US,NVDA,resolved,nVidia概念,https://hk.finance.yahoo.com/quote/NVDA/analysis/,盈利記錄,get_earnings_history,2025-07-31 00:00:00,epsEstimate,EPS預估,1.00867,eps,USD,success,,2026-04-30 12:57:44,2026-05-11 03:26:01,2026-05-11 03:26:00
NVDA,NVIDIA Corporation,US,NVDA,resolved,nVidia概念,https://hk.finance.yahoo.com/quote/NVDA/analysis/,盈利記錄,get_earnings_history,2025-07-31 00:00:00,epsDifference,EPS差異,0.04,eps,USD,success,,2026-04-30 12:57:44,2026-05-11 03:26:01,2026-05-11 03:26:00
NVDA,NVIDIA Corporation,US,NVDA,resolved,nVidia概念,https://hk.finance.yahoo.com/quote/NVDA/analysis/,盈利記錄,get_earnings_history,2025-07-31 00:00:00,surprisePercent,驚喜百分比,0.040999997,pct,USD,success,,2026-04-30 12:57:44,2026-05-11 03:26:01,2026-05-11 03:26:00
NVDA,NVIDIA Corporation,US,NVDA,resolved,nVidia概念,https://hk.finance.yahoo.com/quote/NVDA/analysis/,盈利記錄,get_earnings_history,2025-10-31 00:00:00,epsActual,EPS實際,1.3,eps,USD,success,,2026-04-30 12:57:44,2026-05-11 03:26:01,2026-05-11 03:26:00
NVDA,NVIDIA Corporation,US,NVDA,resolved,nVidia概念,https://hk.finance.yahoo.com/quote/NVDA/analysis/,盈利記錄,get_earnings_history,2025-10-31 00:00:00,epsEstimate,EPS預估,1.25647,eps,USD,success,,2026-04-30 12:57:44,2026-05-11 03:26:01,2026-05-11 03:26:00
NVDA,NVIDIA Corporation,US,NVDA,resolved,nVidia概念,https://hk.finance.yahoo.com/quote/NVDA/analysis/,盈利記錄,get_earnings_history,2025-10-31 00:00:00,epsDifference,EPS差異,0.04,eps,USD,success,,2026-04-30 12:57:44,2026-05-11 03:26:01,2026-05-11 03:26:00
NVDA,NVIDIA Corporation,US,NVDA,resolved,nVidia概念,https://hk.finance.yahoo.com/quote/NVDA/analysis/,盈利記錄,get_earnings_history,2025-10-31 00:00:00,surprisePercent,驚喜百分比,0.0346,pct,USD,success,,2026-04-30 12:57:44,2026-05-11 03:26:01,2026-05-11 03:26:00
NVDA,NVIDIA Corporation,US,NVDA,resolved,nVidia概念,https://hk.finance.yahoo.com/quote/NVDA/analysis/,盈利記錄,get_earnings_history,2026-01-31 00:00:00,epsActual,EPS實際,1.62,eps,USD,success,,2026-04-30 12:57:44,2026-05-11 03:26:01,2026-05-11 03:26:00
NVDA,NVIDIA Corporation,US,NVDA,resolved,nVidia概念,https://hk.finance.yahoo.com/quote/NVDA/analysis/,盈利記錄,get_earnings_history,2026-01-31 00:00:00,epsEstimate,EPS預估,1.53812,eps,USD,success,,2026-04-30 12:57:44,2026-05-11 03:26:01,2026-05-11 03:26:00
NVDA,NVIDIA Corporation,US,NVDA,resolved,nVidia概念,https://hk.finance.yahoo.com/quote/NVDA/analysis/,盈利記錄,get_earnings_history,2026-01-31 00:00:00,epsDifference,EPS差異,0.08,eps,USD,success,,2026-04-30 12:57:44,2026-05-11 03:26:01,2026-05-11 03:26:00
NVDA,NVIDIA Corporation,US,NVDA,resolved,nVidia概念,https://hk.finance.yahoo.com/quote/NVDA/analysis/,盈利記錄,get_earnings_history,2026-01-31 00:00:00,surprisePercent,驚喜百分比,0.053200003,pct,USD,success,,2026-04-30 12:57:44,2026-05-11 03:26:01,2026-05-11 03:26:00
NVDA,NVIDIA Corporation,US,NVDA,resolved,nVidia概念,https://hk.finance.yahoo.com/quote/NVDA/analysis/,每股盈利走勢,get_eps_trend,0q,current,目前,1.77461,eps,USD,success,,2026-04-30 12:57:44,2026-05-11 03:26:01,2026-05-11 03:26:00
NVDA,NVIDIA Corporation,US,NVDA,resolved,nVidia概念,https://hk.finance.yahoo.com/quote/NVDA/analysis/,每股盈利走勢,get_eps_trend,0q,7daysAgo,7天前,1.77461,eps,USD,success,,2026-04-30 12:57:44,2026-05-11 03:26:01,2026-05-11 03:26:00
NVDA,NVIDIA Corporation,US,NVDA,resolved,nVidia概念,https://hk.finance.yahoo.com/quote/NVDA/analysis/,每股盈利走勢,get_eps_trend,0q,30daysAgo,30天前,1.77513,eps,USD,success,,2026-04-30 12:57:44,2026-05-11 03:26:01,2026-05-11 03:26:00
NVDA,NVIDIA Corporation,US,NVDA,resolved,nVidia概念,https://hk.finance.yahoo.com/quote/NVDA/analysis/,每股盈利走勢,get_eps_trend,0q,60daysAgo,60天前,1.77987,eps,USD,success,,2026-04-30 12:57:44,2026-05-11 03:26:01,2026-05-11 03:26:00
NVDA,NVIDIA Corporation,US,NVDA,resolved,nVidia概念,https://hk.finance.yahoo.com/quote/NVDA/analysis/,每股盈利走勢,get_eps_trend,0q,90daysAgo,90天前,1.65303,eps,USD,success,,2026-04-30 12:57:44,2026-05-11 03:26:01,2026-05-11 03:26:00
NVDA,NVIDIA Corporation,US,NVDA,resolved,nVidia概念,https://hk.finance.yahoo.com/quote/NVDA/analysis/,每股盈利走勢,get_eps_trend,currency,0q,0q,USD,eps,USD,success,,2026-04-30 12:57:44,2026-05-11 03:26:01,2026-05-11 03:26:00
NVDA,NVIDIA Corporation,US,NVDA,resolved,nVidia概念,https://hk.finance.yahoo.com/quote/NVDA/analysis/,每股盈利走勢,get_eps_trend,+1q,current,目前,1.95182,eps,USD,success,,2026-04-30 12:57:44,2026-05-11 03:26:01,2026-05-11 03:26:00
NVDA,NVIDIA Corporation,US,NVDA,resolved,nVidia概念,https://hk.finance.yahoo.com/quote/NVDA/analysis/,每股盈利走勢,get_eps_trend,+1q,7daysAgo,7天前,1.95182,eps,USD,success,,2026-04-30 12:57:44,2026-05-11 03:26:01,2026-05-11 03:26:00
NVDA,NVIDIA Corporation,US,NVDA,resolved,nVidia概念,https://hk.finance.yahoo.com/quote/NVDA/analysis/,每股盈利走勢,get_eps_trend,+1q,30daysAgo,30天前,1.94641,eps,USD,success,,2026-04-30 12:57:44,2026-05-11 03:26:01,2026-05-11 03:26:00
NVDA,NVIDIA Corporation,US,NVDA,resolved,nVidia概念,https://hk.finance.yahoo.com/quote/NVDA/analysis/,每股盈利走勢,get_eps_trend,+1q,60daysAgo,60天前,1.95209,eps,USD,success,,2026-04-30 12:57:44,2026-05-11 03:26:01,2026-05-11 03:26:00
NVDA,NVIDIA Corporation,US,NVDA,resolved,nVidia概念,https://hk.finance.yahoo.com/quote/NVDA/analysis/,每股盈利走勢,get_eps_trend,+1q,90daysAgo,90天前,1.81155,eps,USD,success,,2026-04-30 12:57:44,2026-05-11 03:26:01,2026-05-11 03:26:00
NVDA,NVIDIA Corporation,US,NVDA,resolved,nVidia概念,https://hk.finance.yahoo.com/quote/NVDA/analysis/,每股盈利走勢,get_eps_trend,currency,+1q,+1q,USD,eps,USD,success,,2026-04-30 12:57:44,2026-05-11 03:26:01,2026-05-11 03:26:00
NVDA,NVIDIA Corporation,US,NVDA,resolved,nVidia概念,https://hk.finance.yahoo.com/quote/NVDA/analysis/,每股盈利走勢,get_eps_trend,0y,current,目前,8.34076,eps,USD,success,,2026-04-30 12:57:44,2026-05-11 03:26:01,2026-05-11 03:26:00
NVDA,NVIDIA Corporation,US,NVDA,resolved,nVidia概念,https://hk.finance.yahoo.com/quote/NVDA/analysis/,每股盈利走勢,get_eps_trend,0y,7daysAgo,7天前,8.33967,eps,USD,success,,2026-04-30 12:57:44,2026-05-11 03:26:01,2026-05-11 03:26:00
NVDA,NVIDIA Corporation,US,NVDA,resolved,nVidia概念,https://hk.finance.yahoo.com/quote/NVDA/analysis/,每股盈利走勢,get_eps_trend,0y,30daysAgo,30天前,8.29457,eps,USD,success,,2026-04-30 12:57:44,2026-05-11 03:26:01,2026-05-11 03:26:00
NVDA,NVIDIA Corporation,US,NVDA,resolved,nVidia概念,https://hk.finance.yahoo.com/quote/NVDA/analysis/,每股盈利走勢,get_eps_trend,0y,60daysAgo,60天前,8.24772,eps,USD,success,,2026-04-30 12:57:44,2026-05-11 03:26:01,2026-05-11 03:26:00
NVDA,NVIDIA Corporation,US,NVDA,resolved,nVidia概念,https://hk.finance.yahoo.com/quote/NVDA/analysis/,每股盈利走勢,get_eps_trend,0y,90daysAgo,90天前,7.66386,eps,USD,success,,2026-04-30 12:57:44,2026-05-11 03:26:01,2026-05-11 03:26:00
NVDA,NVIDIA Corporation,US,NVDA,resolved,nVidia概念,https://hk.finance.yahoo.com/quote/NVDA/analysis/,每股盈利走勢,get_eps_trend,currency,0y,0y,USD,eps,USD,success,,2026-04-30 12:57:44,2026-05-11 03:26:01,2026-05-11 03:26:00
NVDA,NVIDIA Corporation,US,NVDA,resolved,nVidia概念,https://hk.finance.yahoo.com/quote/NVDA/analysis/,每股盈利走勢,get_eps_trend,+1y,current,目前,11.28592,eps,USD,success,,2026-04-30 12:57:44,2026-05-11 03:26:01,2026-05-11 03:26:00
NVDA,NVIDIA Corporation,US,NVDA,resolved,nVidia概念,https://hk.finance.yahoo.com/quote/NVDA/analysis/,每股盈利走勢,get_eps_trend,+1y,7daysAgo,7天前,11.23918,eps,USD,success,,2026-04-30 12:57:44,2026-05-11 03:26:01,2026-05-11 03:26:00
NVDA,NVIDIA Corporation,US,NVDA,resolved,nVidia概念,https://hk.finance.yahoo.com/quote/NVDA/analysis/,每股盈利走勢,get_eps_trend,+1y,30daysAgo,30天前,11.11635,eps,USD,success,,2026-04-30 12:57:44,2026-05-11 03:26:01,2026-05-11 03:26:00
NVDA,NVIDIA Corporation,US,NVDA,resolved,nVidia概念,https://hk.finance.yahoo.com/quote/NVDA/analysis/,每股盈利走勢,get_eps_trend,+1y,60daysAgo,60天前,10.74266,eps,USD,success,,2026-04-30 12:57:44,2026-05-11 03:26:01,2026-05-11 03:26:00
NVDA,NVIDIA Corporation,US,NVDA,resolved,nVidia概念,https://hk.finance.yahoo.com/quote/NVDA/analysis/,每股盈利走勢,get_eps_trend,+1y,90daysAgo,90天前,9.89564,eps,USD,success,,2026-04-30 12:57:44,2026-05-11 03:26:01,2026-05-11 03:26:00
NVDA,NVIDIA Corporation,US,NVDA,resolved,nVidia概念,https://hk.finance.yahoo.com/quote/NVDA/analysis/,每股盈利走勢,get_eps_trend,currency,+1y,+1y,USD,eps,USD,success,,2026-04-30 12:57:44,2026-05-11 03:26:01,2026-05-11 03:26:00
NVDA,NVIDIA Corporation,US,NVDA,resolved,nVidia概念,https://hk.finance.yahoo.com/quote/NVDA/analysis/,每股盈利修改,get_eps_revisions,0q,upLast7days,近7天上修,1,count,USD,success,,2026-04-30 12:57:44,2026-05-11 03:26:01,2026-05-11 03:26:00
NVDA,NVIDIA Corporation,US,NVDA,resolved,nVidia概念,https://hk.finance.yahoo.com/quote/NVDA/analysis/,每股盈利修改,get_eps_revisions,0q,upLast30days,近30天上修,2,count,USD,success,,2026-04-30 12:57:44,2026-05-11 03:26:01,2026-05-11 03:26:00
NVDA,NVIDIA Corporation,US,NVDA,resolved,nVidia概念,https://hk.finance.yahoo.com/quote/NVDA/analysis/,每股盈利修改,get_eps_revisions,0q,downLast30days,近30天下修,1,count,USD,success,,2026-04-30 12:57:44,2026-05-11 03:26:01,2026-05-11 03:26:00
NVDA,NVIDIA Corporation,US,NVDA,resolved,nVidia概念,https://hk.finance.yahoo.com/quote/NVDA/analysis/,每股盈利修改,get_eps_revisions,0q,downLast7Days,downLast7Days,0,,USD,success,,2026-04-30 12:57:44,2026-05-11 03:26:01,2026-05-11 03:26:00
NVDA,NVIDIA Corporation,US,NVDA,resolved,nVidia概念,https://hk.finance.yahoo.com/quote/NVDA/analysis/,每股盈利修改,get_eps_revisions,currency,0q,0q,USD,,USD,success,,2026-04-30 12:57:44,2026-05-11 03:26:01,2026-05-11 03:26:00
NVDA,NVIDIA Corporation,US,NVDA,resolved,nVidia概念,https://hk.finance.yahoo.com/quote/NVDA/analysis/,每股盈利修改,get_eps_revisions,+1q,upLast7days,近7天上修,1,count,USD,success,,2026-04-30 12:57:44,2026-05-11 03:26:01,2026-05-11 03:26:00
NVDA,NVIDIA Corporation,US,NVDA,resolved,nVidia概念,https://hk.finance.yahoo.com/quote/NVDA/analysis/,每股盈利修改,get_eps_revisions,+1q,upLast30days,近30天上修,3,count,USD,success,,2026-04-30 12:57:44,2026-05-11 03:26:01,2026-05-11 03:26:00
NVDA,NVIDIA Corporation,US,NVDA,resolved,nVidia概念,https://hk.finance.yahoo.com/quote/NVDA/analysis/,每股盈利修改,get_eps_revisions,+1q,downLast30days,近30天下修,1,count,USD,success,,2026-04-30 12:57:44,2026-05-11 03:26:01,2026-05-11 03:26:00
NVDA,NVIDIA Corporation,US,NVDA,resolved,nVidia概念,https://hk.finance.yahoo.com/quote/NVDA/analysis/,每股盈利修改,get_eps_revisions,+1q,downLast7Days,downLast7Days,0,,USD,success,,2026-04-30 12:57:44,2026-05-11 03:26:01,2026-05-11 03:26:00
NVDA,NVIDIA Corporation,US,NVDA,resolved,nVidia概念,https://hk.finance.yahoo.com/quote/NVDA/analysis/,每股盈利修改,get_eps_revisions,currency,+1q,+1q,USD,,USD,success,,2026-04-30 12:57:44,2026-05-11 03:26:01,2026-05-11 03:26:00
NVDA,NVIDIA Corporation,US,NVDA,resolved,nVidia概念,https://hk.finance.yahoo.com/quote/NVDA/analysis/,每股盈利修改,get_eps_revisions,0y,upLast7days,近7天上修,3,count,USD,success,,2026-04-30 12:57:44,2026-05-11 03:26:01,2026-05-11 03:26:00
NVDA,NVIDIA Corporation,US,NVDA,resolved,nVidia概念,https://hk.finance.yahoo.com/quote/NVDA/analysis/,每股盈利修改,get_eps_revisions,0y,upLast30days,近30天上修,7,count,USD,success,,2026-04-30 12:57:44,2026-05-11 03:26:01,2026-05-11 03:26:00
NVDA,NVIDIA Corporation,US,NVDA,resolved,nVidia概念,https://hk.finance.yahoo.com/quote/NVDA/analysis/,每股盈利修改,get_eps_revisions,0y,downLast30days,近30天下修,0,count,USD,success,,2026-04-30 12:57:44,2026-05-11 03:26:01,2026-05-11 03:26:00
NVDA,NVIDIA Corporation,US,NVDA,resolved,nVidia概念,https://hk.finance.yahoo.com/quote/NVDA/analysis/,每股盈利修改,get_eps_revisions,0y,downLast7Days,downLast7Days,0,,USD,success,,2026-04-30 12:57:44,2026-05-11 03:26:01,2026-05-11 03:26:00
NVDA,NVIDIA Corporation,US,NVDA,resolved,nVidia概念,https://hk.finance.yahoo.com/quote/NVDA/analysis/,每股盈利修改,get_eps_revisions,currency,0y,0y,USD,,USD,success,,2026-04-30 12:57:44,2026-05-11 03:26:01,2026-05-11 03:26:00
NVDA,NVIDIA Corporation,US,NVDA,resolved,nVidia概念,https://hk.finance.yahoo.com/quote/NVDA/analysis/,每股盈利修改,get_eps_revisions,+1y,upLast7days,近7天上修,3,count,USD,success,,2026-04-30 12:57:44,2026-05-11 03:26:01,2026-05-11 03:26:00
NVDA,NVIDIA Corporation,US,NVDA,resolved,nVidia概念,https://hk.finance.yahoo.com/quote/NVDA/analysis/,每股盈利修改,get_eps_revisions,+1y,upLast30days,近30天上修,9,count,USD,success,,2026-04-30 12:57:44,2026-05-11 03:26:01,2026-05-11 03:26:00
NVDA,NVIDIA Corporation,US,NVDA,resolved,nVidia概念,https://hk.finance.yahoo.com/quote/NVDA/analysis/,每股盈利修改,get_eps_revisions,+1y,downLast30days,近30天下修,0,count,USD,success,,2026-04-30 12:57:44,2026-05-11 03:26:01,2026-05-11 03:26:00
NVDA,NVIDIA Corporation,US,NVDA,resolved,nVidia概念,https://hk.finance.yahoo.com/quote/NVDA/analysis/,每股盈利修改,get_eps_revisions,+1y,downLast7Days,downLast7Days,0,,USD,success,,2026-04-30 12:57:44,2026-05-11 03:26:01,2026-05-11 03:26:00
NVDA,NVIDIA Corporation,US,NVDA,resolved,nVidia概念,https://hk.finance.yahoo.com/quote/NVDA/analysis/,每股盈利修改,get_eps_revisions,currency,+1y,+1y,USD,,USD,success,,2026-04-30 12:57:44,2026-05-11 03:26:01,2026-05-11 03:26:00
NVDA,NVIDIA Corporation,US,NVDA,resolved,nVidia概念,https://hk.finance.yahoo.com/quote/NVDA/analysis/,預計增長,get_growth_estimates,0q,stockTrend,公司成長,1.1909,pct,USD,success,,2026-04-30 12:57:44,2026-05-11 03:26:01,2026-05-11 03:26:00
NVDA,NVIDIA Corporation,US,NVDA,resolved,nVidia概念,https://hk.finance.yahoo.com/quote/NVDA/analysis/,預計增長,get_growth_estimates,0q,indexTrend,指數成長,0.2482,pct,USD,success,,2026-04-30 12:57:44,2026-05-11 03:26:01,2026-05-11 03:26:00
NVDA,NVIDIA Corporation,US,NVDA,resolved,nVidia概念,https://hk.finance.yahoo.com/quote/NVDA/analysis/,預計增長,get_growth_estimates,+1q,stockTrend,公司成長,0.8589,pct,USD,success,,2026-04-30 12:57:44,2026-05-11 03:26:01,2026-05-11 03:26:00
NVDA,NVIDIA Corporation,US,NVDA,resolved,nVidia概念,https://hk.finance.yahoo.com/quote/NVDA/analysis/,預計增長,get_growth_estimates,+1q,indexTrend,指數成長,0.20729999,pct,USD,success,,2026-04-30 12:57:44,2026-05-11 03:26:01,2026-05-11 03:26:00
NVDA,NVIDIA Corporation,US,NVDA,resolved,nVidia概念,https://hk.finance.yahoo.com/quote/NVDA/analysis/,預計增長,get_growth_estimates,0y,stockTrend,公司成長,0.7486,pct,USD,success,,2026-04-30 12:57:44,2026-05-11 03:26:01,2026-05-11 03:26:00
NVDA,NVIDIA Corporation,US,NVDA,resolved,nVidia概念,https://hk.finance.yahoo.com/quote/NVDA/analysis/,預計增長,get_growth_estimates,0y,indexTrend,指數成長,0.2188,pct,USD,success,,2026-04-30 12:57:44,2026-05-11 03:26:01,2026-05-11 03:26:00
NVDA,NVIDIA Corporation,US,NVDA,resolved,nVidia概念,https://hk.finance.yahoo.com/quote/NVDA/analysis/,預計增長,get_growth_estimates,+1y,stockTrend,公司成長,0.3531,pct,USD,success,,2026-04-30 12:57:44,2026-05-11 03:26:01,2026-05-11 03:26:00
NVDA,NVIDIA Corporation,US,NVDA,resolved,nVidia概念,https://hk.finance.yahoo.com/quote/NVDA/analysis/,預計增長,get_growth_estimates,+1y,indexTrend,指數成長,0.152,pct,USD,success,,2026-04-30 12:57:44,2026-05-11 03:26:01,2026-05-11 03:26:00
NVDA,NVIDIA Corporation,US,NVDA,resolved,nVidia概念,https://hk.finance.yahoo.com/quote/NVDA/analysis/,預計增長,get_growth_estimates,LTG,indexTrend,指數成長,0.122,pct,USD,success,,2026-04-30 12:57:44,2026-05-11 03:26:01,2026-05-11 03:26:00
