stock_code,company_name,market,yahoo_symbol,symbol_resolution_status,concept_name,source_url,forecast_asof_date,next_investor_event_date,days_to_investor_event,earnings_0q_avg,earnings_1q_avg,earnings_0y_avg,earnings_1y_avg,revenue_0q_avg,revenue_1q_avg,revenue_0y_avg,revenue_1y_avg,growth_5y_stock,eps_revision_0q_up_7d,eps_revision_0q_down_7d,last_earnings_date,last_eps_estimate,last_eps_actual,factset_available,factset_md_latest_date,factset_quality_score,factset_eps_current_year_avg,eps_current_year_diff,eps_current_year_diff_pct,factset_eps_next_year_avg,eps_next_year_diff,eps_next_year_diff_pct,factset_revenue_current_year_avg,revenue_current_year_diff,revenue_current_year_diff_pct,factset_revenue_next_year_avg,revenue_next_year_diff,revenue_next_year_diff_pct,factset_revenue_scale_applied,cross_check_status,cross_check_notes,forecast_signal_status,forecast_confidence,fetch_status,error_message,download_timestamp,process_timestamp
2308,台達電,TW,2308.TW,resolved,,https://hk.finance.yahoo.com/quote/2308.TW/analysis/,2026-05-18,,,9.88373,11.6297,41.67414,64.51598,187529728650.0,212068823900.0,775764773380.0,1048767031239.0,0.8056,10.0,,2026-03-31 00:00:00,7.4582,7.0,true,,9.7,37.75,3.92414,0.103951,56.67,7.84598,0.13845,739829530000.0,35935243380.0,0.048572,975803220000.0,72963811239.0,0.074773,revenue_current_year=1000; revenue_next_year=1000,matched,,fresh,85,success,,2026-05-18 20:53:09,2026-05-18 20:56:31
2317,鴻海,TW,2317.TW,resolved,,https://hk.finance.yahoo.com/quote/2317.TW/analysis/,2026-05-18,,,3.97767,4.58744,17.4106,21.34979,2379686641520.0,2712414341990.0,10287062692670.0,12715333923170.0,0.2993,0.0,,2026-03-31 00:00:00,3.52181,3.56,true,,9.4,17.64,-0.2294,-0.013005,20.85,0.49979,0.023971,10174069100000.0,112993592670.0,0.011106,12164039900000.0,551294023170.0,0.045322,revenue_current_year=1000; revenue_next_year=1000,matched,,fresh,85,success,,2026-05-18 20:53:10,2026-05-18 20:56:31
2324,仁寶,TW,2324.TW,resolved,,https://hk.finance.yahoo.com/quote/2324.TW/analysis/,2026-05-18,,,0.51914,0.55943,2.07444,2.48036,220916574880.0,235157210470.0,896031845940.0,986499591420.0,0.5142,0.0,,2026-03-31 00:00:00,0.43629,0.45,false,,,,,,,,,,,,,,,,missing_factset,Symbol not found in FactSet report,fresh,70,success,,2026-05-18 20:53:11,2026-05-18 20:56:31
2330,台積電,TW,2330.TW,resolved,,https://hk.finance.yahoo.com/quote/2330.TW/analysis/,2026-05-18,,,23.67717,25.9785,97.59823,120.81306,1261174293350.0,1370889330220.0,5158707056590.0,6498295507620.0,0.4732,0.0,,2026-03-31 00:00:00,20.96342,22.08,true,,10.0,92.3,5.29823,0.057402,114.93,5.88306,0.051188,5049128260000.0,109578796590.0,0.021703,6313617390000.0,184678117620.0,0.029251,revenue_current_year=1000; revenue_next_year=1000,matched,,fresh,85,success,,2026-05-18 20:53:13,2026-05-18 20:56:31
2347,聯強,TW,2347.TW,resolved,,https://hk.finance.yahoo.com/quote/2347.TW/analysis/,2026-05-18,,,2.065,2.17,8.18,9.22,153830000000.0,151752000000.0,588784000000.0,635135000000.0,0.6102,1.0,,2026-03-31 00:00:00,1.275,1.0,false,,,,,,,,,,,,,,,,missing_factset,Symbol not found in FactSet report,fresh,70,success,,2026-05-18 20:53:14,2026-05-18 20:56:31
2354,鴻準,TW,2354.TW,resolved,,https://hk.finance.yahoo.com/quote/2354.TW/analysis/,2026-05-18,,,0.855,0.99,3.7,3.81,40967000000.0,41357000000.0,154019009780.0,141321770750.0,0.5948,1.0,,2026-03-31 00:00:00,0.82,0.64,false,,,,,,,,,,,,,,,,missing_factset,Symbol not found in FactSet report,fresh,70,success,,2026-05-18 20:53:15,2026-05-18 20:56:31
2356,英業達,TW,2356.TW,resolved,,https://hk.finance.yahoo.com/quote/2356.TW/analysis/,2026-05-18,,,0.66308,0.77119,2.79294,,230205058650.0,228088436990.0,822979289730.0,910376736230.0,0.1541,0.0,,2026-03-31 00:00:00,0.53812,0.57,true,,8.9,2.97,-0.17706,-0.059616,3.31,,,757626920000.0,65352369730.0,0.086259,826048530000.0,84328206230.0,0.102086,revenue_current_year=1000; revenue_next_year=1000,matched,,fresh,85,success,,2026-05-18 20:53:16,2026-05-18 20:56:31
2357,華碩,TW,2357.TW,resolved,,https://hk.finance.yahoo.com/quote/2357.TW/analysis/,2026-05-18,,,14.168,13.89054,53.68048,56.73665,242150650280.0,235136141190.0,902873977150.0,1005552784990.0,-0.098,3.0,,2026-03-31 00:00:00,11.55653,14.88,true,,9.4,48.25,5.43048,0.112549,53.99,2.74665,0.050873,820876770000.0,81997207150.0,0.09989,888066800000.0,117485984990.0,0.132294,revenue_current_year=1000; revenue_next_year=1000,matched,,fresh,85,success,,2026-05-18 20:53:17,2026-05-18 20:56:31
2376,技嘉,TW,2376.TW,resolved,,https://hk.finance.yahoo.com/quote/2376.TW/analysis/,2026-05-18,,,7.82333,7.35,29.82167,29.32153,121336427010.0,121367633210.0,472237896990.0,537142583400.0,0.7358,1.0,,2026-03-31 00:00:00,5.51854,7.86,false,,,,,,,,,,,,,,,,missing_factset,Symbol not found in FactSet report,fresh,70,success,,2026-05-18 20:53:19,2026-05-18 20:56:31
2377,微星,TW,2377.TW,resolved,,https://hk.finance.yahoo.com/quote/2377.TW/analysis/,2026-05-18,,,2.76,1.87,10.37454,9.47441,52319000000.0,53888000000.0,227524783840.0,252387988330.0,0.5257,0.0,,2026-03-31 00:00:00,1.79031,1.93,false,,,,,,,,,,,,,,,,missing_factset,Symbol not found in FactSet report,fresh,70,success,,2026-05-18 20:53:20,2026-05-18 20:56:31
2379,瑞昱,TW,2379.TW,resolved,,https://hk.finance.yahoo.com/quote/2379.TW/analysis/,2026-05-18,,,8.43409,7.87741,32.1936,36.30894,36913143080.0,34835452100.0,139588374590.0,152426949720.0,0.119,3.0,,2026-03-31 00:00:00,8.44973,8.44,true,,9.7,32.18,0.0136,0.000423,37.28,-0.97106,-0.026048,138619410000.0,968964590.0,0.00699,153047100000.0,-620150280.0,-0.004052,revenue_current_year=1000; revenue_next_year=1000,matched,,fresh,85,success,,2026-05-18 20:53:21,2026-05-18 20:56:31
2382,廣達,TW,2382.TW,resolved,,https://hk.finance.yahoo.com/quote/2382.TW/analysis/,2026-05-18,,,6.1193,6.11803,23.47936,28.28756,962841438920.0,934763347190.0,3659079617340.0,4431519622670.0,0.2416,1.0,,2026-03-31 00:00:00,5.06089,5.5,true,,9.7,22.73,0.74936,0.032968,26.76,1.52756,0.057084,3108760250000.0,550319367340.0,0.177022,3872484420000.0,559035202670.0,0.144361,revenue_current_year=1000; revenue_next_year=1000,matched,,fresh,85,success,,2026-05-18 20:53:22,2026-05-18 20:56:31
2395,研華,TW,2395.TW,resolved,,https://hk.finance.yahoo.com/quote/2395.TW/analysis/,2026-05-18,,,3.72526,3.9211,15.33126,17.80061,21339667120.0,21677314560.0,85258013310.0,94316242400.0,0.2515,9.0,,2026-03-31 00:00:00,3.07633,3.0,true,,9.4,15.34,-0.00874,-0.00057,17.76,0.04061,0.002287,84321880000.0,936133310.0,0.011102,94859350000.0,-543107600.0,-0.005725,revenue_current_year=1000; revenue_next_year=1000,matched,,fresh,85,success,,2026-05-18 20:53:23,2026-05-18 20:56:31
2405,輔信,TW,2405.TW,resolved,,https://hk.finance.yahoo.com/quote/2405.TW/analysis/,2026-05-18,,,,,,,0.0,0.0,0.0,0.0,,,,2015-12-31 00:00:00,-0.02,-0.04,false,,,,,,,,,,,,,,,,missing_factset,Symbol not found in FactSet report,fresh,70,success,,2026-05-18 20:53:24,2026-05-18 20:56:31
2412,中華電,TW,2412.TW,resolved,,https://hk.finance.yahoo.com/quote/2412.TW/analysis/,2026-05-18,,,1.31844,1.25659,5.21408,5.42218,58279000000.0,59495000000.0,245219302140.0,251480963270.0,0.047,0.0,,2026-03-31 00:00:00,1.30247,1.3,false,,,,,,,,,,,,,,,,missing_factset,Symbol not found in FactSet report,fresh,70,success,,2026-05-18 20:53:26,2026-05-18 20:56:31
2451,創見,TW,2451.TW,resolved,,https://hk.finance.yahoo.com/quote/2451.TW/analysis/,2026-05-18,,,30.86,28.76,106.1,67.66,22031000000.0,23847000000.0,85242000000.0,99809000000.0,,0.0,,2026-03-31 00:00:00,,18.0,false,,,,,,,,,,,,,,,,missing_factset,Symbol not found in FactSet report,fresh,70,success,,2026-05-18 20:53:27,2026-05-18 20:56:31
2454,聯發科,TW,2454.TW,resolved,,https://hk.finance.yahoo.com/quote/2454.TW/analysis/,2026-05-18,,,13.82524,14.65567,66.31058,117.81907,145756480980.0,150608140930.0,648017838090.0,973884905810.0,0.0023,1.0,,2026-03-31 00:00:00,14.36119,15.17,true,,9.3,65.87,0.44058,0.006689,119.26,-1.44093,-0.012082,646617580000.0,1400258090.0,0.002166,968780470000.0,5104435810.0,0.005269,revenue_current_year=1000; revenue_next_year=1000,matched,,fresh,85,success,,2026-05-18 20:53:28,2026-05-18 20:56:31
2458,義隆,TW,2458.TW,resolved,,https://hk.finance.yahoo.com/quote/2458.TW/analysis/,2026-05-18,,,2.3175,2.625,9.346,10.955,3408000000.0,3624333330.0,13562319400.0,15329626700.0,0.1126,1.0,,2026-03-31 00:00:00,2.18,2.51,false,,,,,,,,,,,,,,,,missing_factset,Symbol not found in FactSet report,fresh,70,success,,2026-05-18 20:53:29,2026-05-18 20:56:31
2474,可成,TW,2474.TW,resolved,,https://hk.finance.yahoo.com/quote/2474.TW/analysis/,2026-05-18,,,3.05,3.1,12.1,12.52,4800614430.0,5323820590.0,19758673470.0,21245430470.0,0.0698,0.0,,2026-03-31 00:00:00,2.81,2.62,false,,,,,,,,,,,,,,,,missing_factset,Symbol not found in FactSet report,fresh,70,success,,2026-05-18 20:53:31,2026-05-18 20:56:31
2480,敦陽科,TW,2480.TW,resolved,,https://hk.finance.yahoo.com/quote/2480.TW/analysis/,2026-05-18,,,2.57,2.34,10.3,11.34,2473000000.0,2359000000.0,9859000000.0,10555000000.0,0.2875,0.0,,2026-03-31 00:00:00,2.3,2.63,false,,,,,,,,,,,,,,,,missing_factset,Symbol not found in FactSet report,fresh,70,success,,2026-05-18 20:53:32,2026-05-18 20:56:31
3022,威強電,TW,3022.TW,resolved,,https://hk.finance.yahoo.com/quote/3022.TW/analysis/,2026-05-18,,,1.05,1.49,5.08,5.85,1758000000.0,1949000000.0,7210000000.0,7945000000.0,,0.0,,2026-03-31 00:00:00,0.98,0.0,false,,,,,,,,,,,,,,,,missing_factset,Symbol not found in FactSet report,fresh,70,success,,2026-05-18 20:53:33,2026-05-18 20:56:31
3026,禾伸堂,TW,3026.TW,resolved,,https://hk.finance.yahoo.com/quote/3026.TW/analysis/,2026-05-18,,,1.84,2.14,8.09,12.88,3724000000.0,4030000000.0,15508000000.0,18335000000.0,,0.0,,2026-03-31 00:00:00,1.68,2.0,false,,,,,,,,,,,,,,,,missing_factset,Symbol not found in FactSet report,fresh,70,success,,2026-05-18 20:53:34,2026-05-18 20:56:31
3034,聯詠,TW,3034.TW,resolved,,https://hk.finance.yahoo.com/quote/3034.TW/analysis/,2026-05-18,,,7.89245,8.20936,28.7053,31.63843,0.0,28551520810.0,106611011690.0,113214541360.0,0.0683,9.0,,2026-03-31 00:00:00,5.73249,6.19,true,,9.7,27.27,1.4353,0.052633,30.4,1.23843,0.040738,102269000000.0,4342011690.0,0.042457,111313710000.0,1900831360.0,0.017076,revenue_current_year=1000; revenue_next_year=1000,matched,,fresh,85,success,,2026-05-18 20:53:35,2026-05-18 20:56:31
3045,台灣大,TW,3045.TW,resolved,,https://hk.finance.yahoo.com/quote/3045.TW/analysis/,2026-05-18,,,1.14572,1.14589,4.90433,5.12155,0.0,0.0,201324758890.0,200568776860.0,0.0435,0.0,,2026-03-31 00:00:00,1.14241,1.34,false,,,,,,,,,,,,,,,,missing_factset,Symbol not found in FactSet report,fresh,70,success,,2026-05-18 20:53:37,2026-05-18 20:56:31
3048,益登,TW,3048.TW,resolved,,https://hk.finance.yahoo.com/quote/3048.TW/analysis/,2026-05-18,,,,,,,0.0,0.0,0.0,0.0,,,,2019-03-31 00:00:00,0.21818,0.08182,false,,,,,,,,,,,,,,,,missing_factset,Symbol not found in FactSet report,fresh,70,success,,2026-05-18 20:53:38,2026-05-18 20:56:31
3231,緯創,TW,3231.TW,resolved,,https://hk.finance.yahoo.com/quote/3231.TW/analysis/,2026-05-18,,,3.59965,3.66752,13.8567,17.45837,868101783950.0,918214129510.0,3527193804600.0,4408108635300.0,0.6496,1.0,,2026-03-31 00:00:00,2.98258,3.0,true,,9.4,13.32,0.5367,0.040293,16.97,0.48837,0.028778,3295387110000.0,231806694600.0,0.070343,4082586880000.0,325521755300.0,0.079734,revenue_current_year=1000; revenue_next_year=1000,matched,,fresh,85,success,,2026-05-18 20:53:39,2026-05-18 20:56:31
3356,奇偶,TW,3356.TW,resolved,,https://hk.finance.yahoo.com/quote/3356.TW/analysis/,2026-05-18,,,,,,,0.0,0.0,0.0,0.0,,,,2016-09-30 00:00:00,1.20052,0.38136,false,,,,,,,,,,,,,,,,missing_factset,Symbol not found in FactSet report,fresh,70,success,,2026-05-18 20:53:40,2026-05-18 20:56:31
4938,和碩,TW,4938.TW,resolved,,https://hk.finance.yahoo.com/quote/4938.TW/analysis/,2026-05-18,,,1.18315,1.56038,5.4396,6.6428,275253390470.0,302197892630.0,1214556658890.0,1384699636500.0,0.0092,1.0,,2026-03-31 00:00:00,0.87428,0.58,true,,8.9,5.65,-0.2104,-0.037239,6.28,0.3628,0.057771,1174910470000.0,39646188890.0,0.033744,1228801410000.0,155898226500.0,0.12687,revenue_current_year=1000; revenue_next_year=1000,matched,,fresh,85,success,,2026-05-18 20:53:41,2026-05-18 20:56:31
5203,訊連,TW,5203.TW,resolved,,https://hk.finance.yahoo.com/quote/5203.TW/analysis/,2026-05-18,,,1.14,1.23,4.22,4.69,656000000.0,706000000.0,2625000000.0,2961000000.0,0.1887,0.0,,2026-03-31 00:00:00,0.69,1.0,false,,,,,,,,,,,,,,,,missing_factset,Symbol not found in FactSet report,fresh,70,success,,2026-05-18 20:53:43,2026-05-18 20:56:31
6214,精誠,TW,6214.TW,resolved,,https://hk.finance.yahoo.com/quote/6214.TW/analysis/,2026-05-18,,,,,,,0.0,0.0,0.0,0.0,,,,,,,false,,,,,,,,,,,,,,,,missing_factset,Symbol not found in FactSet report,fresh,70,success,,2026-05-18 20:53:44,2026-05-18 20:56:31
6285,啟碁,TW,6285.TW,resolved,,https://hk.finance.yahoo.com/quote/6285.TW/analysis/,2026-05-18,,,2.34,2.99,10.81,13.23,30209004750.0,33452271500.0,127321493500.0,152731511250.0,0.7241,2.0,,2026-03-31 00:00:00,1.8,2.0,true,,8.9,63.64,-52.83,-0.830138,93.94,-80.71,-0.859165,19412290000000.0,-19284968506500.0,-0.993441,26214310000000.0,-26061578488750.0,-0.994174,revenue_current_year=1e+06; revenue_next_year=1e+06,large_diff,eps_current_year diff_pct=-0.8301; eps_next_year diff_pct=-0.8592; revenue_current_year diff_pct=-0.9934; revenue_next_year diff_pct=-0.9942,large_diff,60,success,,2026-05-18 20:53:45,2026-05-18 20:56:31
6462,神盾,TWO,6462.TWO,fallback_to_two,,https://hk.finance.yahoo.com/quote/6462.TWO/analysis/,2026-05-18,,,,,-1.48,5.36,0.0,0.0,6602402420.0,8818552050.0,0.9155,,,2025-12-31 00:00:00,-0.77,-6.18,false,,,,,,,,,,,,,,,,missing_factset,Symbol not found in FactSet report,fresh,70,success,,2026-05-18 20:53:47,2026-05-18 20:56:31
9914,美利達,TW,9914.TW,resolved,,https://hk.finance.yahoo.com/quote/9914.TW/analysis/,2026-05-18,,,1.73,1.914,4.89475,6.83363,6419735340.0,6821767110.0,23979537470.0,26152372970.0,0.2206,2.0,,2026-03-31 00:00:00,0.60038,1.08,true,,8.9,6.67,-1.77525,-0.266154,8.46,-1.62637,-0.192242,28152770000.0,-4173232530.0,-0.148235,29917490000.0,-3765117030.0,-0.12585,revenue_current_year=1000; revenue_next_year=1000,large_diff,eps_current_year diff_pct=-0.2662,large_diff,60,success,,2026-05-18 20:53:48,2026-05-18 20:56:31
9921,巨大,TW,9921.TW,resolved,,https://hk.finance.yahoo.com/quote/9921.TW/analysis/,2026-05-18,,,1.26612,1.12255,6.74294,7.18702,16215753200.0,14439481500.0,63345484620.0,66357179189.0,2.6646,1.0,,2026-03-31 00:00:00,1.2701,-0.51,false,,,,,,,,,,,,,,,,missing_factset,Symbol not found in FactSet report,fresh,70,success,,2026-05-18 20:53:49,2026-05-18 20:56:31
8272,全景軟體,TWO,8272.TWO,fallback_to_two,,https://hk.finance.yahoo.com/quote/8272.TWO/analysis/,2026-05-18,,,,,,,0.0,0.0,0.0,0.0,,,,2025-06-30 00:00:00,,1.27,false,,,,,,,,,,,,,,,,missing_factset,Symbol not found in FactSet report,fresh,70,success,,2026-05-18 20:53:51,2026-05-18 20:56:31
8299,群聯,TWO,8299.TWO,fallback_to_two,,https://hk.finance.yahoo.com/quote/8299.TWO/analysis/,2026-05-18,,,95.77955,80.96389,277.6417,158.83922,60191484180.0,62784298390.0,230177919300.0,228838608260.0,5.9865,5.0,,2026-03-31 00:00:00,48.02391,68.0,true,,8.3,180.58,97.0617,0.5375,136.45,22.38922,0.164084,169868660000.0,60309259300.0,0.355035,181130240000.0,47708368260.0,0.263393,revenue_current_year=1000; revenue_next_year=1000,large_diff,eps_current_year diff_pct=0.5375; revenue_current_year diff_pct=0.355; revenue_next_year diff_pct=0.2634,large_diff,60,success,,2026-05-18 20:53:52,2026-05-18 20:56:31
5434,崇越,TW,5434.TW,resolved,,https://hk.finance.yahoo.com/quote/5434.TW/analysis/,2026-05-18,,,5.73,6.31,23.915,24.93,19318500000.0,20500000000.0,78514500000.0,83458000000.0,0.0965,2.0,,2026-03-31 00:00:00,5.155,6.0,false,,,,,,,,,,,,,,,,missing_factset,Symbol not found in FactSet report,fresh,70,success,,2026-05-18 20:53:54,2026-05-18 20:56:31
6526,達發,TW,6526.TW,resolved,,https://hk.finance.yahoo.com/quote/6526.TW/analysis/,2026-05-18,,,5.25,6.006,21.18667,28.025,5904000000.0,6264400000.0,23491250000.0,28850000000.0,0.2232,1.0,,2026-03-31 00:00:00,4.318,4.47,false,,,,,,,,,,,,,,,,missing_factset,Symbol not found in FactSet report,fresh,70,success,,2026-05-18 20:53:55,2026-05-18 20:56:31
2301,光寶科,TW,2301.TW,resolved,,https://hk.finance.yahoo.com/quote/2301.TW/analysis/,2026-05-18,,,2.05464,2.44573,8.72468,11.9513,49256624840.0,54397659220.0,201636340060.0,257605187540.0,0.314,0.0,,2026-03-31 00:00:00,1.69,1.0,true,,8.9,8.26,0.46468,0.056257,10.63,1.3213,0.124299,193244530000.0,8391810060.0,0.043426,230177360000.0,27427827540.0,0.11916,revenue_current_year=1000; revenue_next_year=1000,matched,,fresh,85,success,,2026-05-18 20:53:56,2026-05-18 20:56:31
3035,智原,TW,3035.TW,resolved,,https://hk.finance.yahoo.com/quote/3035.TW/analysis/,2026-05-18,,,0.4689,1.04082,3.68563,6.73999,2796847060.0,3406146500.0,12758940450.0,16673258969.0,0.3163,1.0,,2026-03-31 00:00:00,0.40023,0.4,true,,8.5,4.49,-0.80437,-0.179147,8.61,-1.87001,-0.21719,13532520000.0,-773579550.0,-0.057164,18257000000.0,-1583741031.0,-0.086747,revenue_current_year=1000; revenue_next_year=1000,large_diff,eps_next_year diff_pct=-0.2172,large_diff,60,success,,2026-05-18 20:53:57,2026-05-18 20:56:31
5269,祥碩,TW,5269.TW,resolved,,https://hk.finance.yahoo.com/quote/5269.TW/analysis/,2026-05-18,,,22.13349,24.29226,94.20389,107.00526,3113761790.0,3268013930.0,13389294640.0,14829050040.0,0.3017,1.0,,2026-03-31 00:00:00,23.89598,24.73,false,,,,,,,,,,,,,,,,missing_factset,Symbol not found in FactSet report,fresh,70,success,,2026-05-18 20:53:59,2026-05-18 20:56:31
6669,緯穎,TW,6669.TW,resolved,,https://hk.finance.yahoo.com/quote/6669.TW/analysis/,2026-05-18,,,75.97197,90.59841,339.829,452.91794,270138728230.0,330626447420.0,1264752385440.0,1922886508490.0,0.2355,6.0,,2026-03-31 00:00:00,66.44939,75.95,true,,9.7,337.86,1.969,0.005828,424.75,28.16794,0.066317,1334816680000.0,-70064294560.0,-0.05249,1863270270000.0,59616238490.0,0.031995,revenue_current_year=1000; revenue_next_year=1000,matched,,fresh,85,success,,2026-05-18 20:54:00,2026-05-18 20:56:31
6695,芯鼎,TW,6695.TW,resolved,,https://hk.finance.yahoo.com/quote/6695.TW/analysis/,2026-05-18,,,,,,,0.0,0.0,0.0,0.0,,,,2023-03-31 00:00:00,0.01,-0.37,false,,,,,,,,,,,,,,,,missing_factset,Symbol not found in FactSet report,fresh,70,success,,2026-05-18 20:54:01,2026-05-18 20:56:31
6561,是方,TWO,6561.TWO,fallback_to_two,,https://hk.finance.yahoo.com/quote/6561.TWO/analysis/,2026-05-18,,,4.00667,4.40667,16.51,22.0,1036000000.0,1062000000.0,4163000000.0,4909000000.0,0.0483,0.0,,2026-03-31 00:00:00,3.79667,3.68,false,,,,,,,,,,,,,,,,missing_factset,Symbol not found in FactSet report,fresh,70,success,,2026-05-18 20:54:03,2026-05-18 20:56:31
7765,中華資安,TW,7765.TW,resolved,,https://hk.finance.yahoo.com/quote/7765.TW/analysis/,2026-05-18,,,2.73,2.85,12.32,14.79,510000000.0,537000000.0,2275000000.0,2539000000.0,0.0769,0.0,,2026-03-31 00:00:00,3.45,3.0,false,,,,,,,,,,,,,,,,missing_factset,Symbol not found in FactSet report,fresh,70,success,,2026-05-18 20:54:04,2026-05-18 20:56:31
3150,鈺寶-創,TW,3150.TW,resolved,,https://hk.finance.yahoo.com/quote/3150.TW/analysis/,2026-05-18,,,,,,,0.0,0.0,0.0,0.0,,,,,,,false,,,,,,,,,,,,,,,,missing_factset,Symbol not found in FactSet report,fresh,70,success,,2026-05-18 20:54:05,2026-05-18 20:56:31
2646,星宇航空,TW,2646.TW,resolved,,https://hk.finance.yahoo.com/quote/2646.TW/analysis/,2026-05-18,,,,,,,0.0,0.0,0.0,0.0,,,,,,,false,,,,,,,,,,,,,,,,missing_factset,Symbol not found in FactSet report,fresh,70,success,,2026-05-18 20:54:06,2026-05-18 20:56:31
4953,緯軟,TWO,4953.TWO,fallback_to_two,,https://hk.finance.yahoo.com/quote/4953.TWO/analysis/,2026-05-18,,,2.54,3.18,10.4,12.46,3357000000.0,3514000000.0,13834000000.0,15117000000.0,0.2308,1.0,,2026-03-31 00:00:00,2.15,2.0,false,,,,,,,,,,,,,,,,missing_factset,Symbol not found in FactSet report,fresh,70,success,,2026-05-18 20:54:08,2026-05-18 20:56:31
6231,系微,TWO,6231.TWO,fallback_to_two,,https://hk.finance.yahoo.com/quote/6231.TWO/analysis/,2026-05-18,,,,,,,0.0,0.0,0.0,0.0,,,,2025-03-31 00:00:00,1.56,1.84,false,,,,,,,,,,,,,,,,missing_factset,Symbol not found in FactSet report,fresh,70,success,,2026-05-18 20:54:10,2026-05-18 20:56:31
9917,中保科,TW,9917.TW,resolved,,https://hk.finance.yahoo.com/quote/9917.TW/analysis/,2026-05-18,,,2.03,1.95,7.79,8.22,5296000000.0,5165000000.0,21112000000.0,22379000000.0,0.1416,0.0,,2026-03-31 00:00:00,1.78,1.6,false,,,,,,,,,,,,,,,,missing_factset,Symbol not found in FactSet report,fresh,70,success,,2026-05-18 20:54:11,2026-05-18 20:56:31
3558,神準,TWO,3558.TWO,fallback_to_two,,https://hk.finance.yahoo.com/quote/3558.TWO/analysis/,2026-05-18,,,,,,,0.0,0.0,0.0,0.0,,,,2023-12-31 00:00:00,3.63,2.13,false,,,,,,,,,,,,,,,,missing_factset,Symbol not found in FactSet report,fresh,70,success,,2026-05-18 20:54:13,2026-05-18 20:56:31
2450,神腦,TW,2450.TW,resolved,,https://hk.finance.yahoo.com/quote/2450.TW/analysis/,2026-05-18,,,,,,,0.0,0.0,0.0,0.0,,,,2018-09-30 00:00:00,0.46,0.24,false,,,,,,,,,,,,,,,,missing_factset,Symbol not found in FactSet report,fresh,70,success,,2026-05-18 20:54:14,2026-05-18 20:56:31
2303,聯電,TW,2303.TW,resolved,,https://hk.finance.yahoo.com/quote/2303.TW/analysis/,2026-05-18,,,0.98468,1.13516,4.56622,5.1581,66748266720.0,70793383450.0,271578606240.0,305079846490.0,0.3671,10.0,,2026-03-31 00:00:00,0.85816,1.29,true,,9.7,4.24,0.32622,0.076939,4.96,0.1981,0.03994,266633050000.0,4945556240.0,0.018548,296205340000.0,8874506490.0,0.029961,revenue_current_year=1000; revenue_next_year=1000,matched,,fresh,85,success,,2026-05-18 20:54:15,2026-05-18 20:56:31
7708,全家餐飲,TWO,7708.TWO,fallback_to_two,,https://hk.finance.yahoo.com/quote/7708.TWO/analysis/,2026-05-18,,,,,,,0.0,0.0,0.0,0.0,,,,,,,false,,,,,,,,,,,,,,,,missing_factset,Symbol not found in FactSet report,fresh,70,success,,2026-05-18 20:54:17,2026-05-18 20:56:31
6613,朋億,TWO,6613.TWO,fallback_to_two,,https://hk.finance.yahoo.com/quote/6613.TWO/analysis/,2026-05-18,,,,,,,0.0,0.0,0.0,0.0,,,,2024-09-30 00:00:00,3.68,5.82,false,,,,,,,,,,,,,,,,missing_factset,Symbol not found in FactSet report,fresh,70,success,,2026-05-18 20:54:19,2026-05-18 20:56:31
7703,銳澤,TWO,7703.TWO,fallback_to_two,,https://hk.finance.yahoo.com/quote/7703.TWO/analysis/,2026-05-18,,,,,,,0.0,0.0,0.0,0.0,,,,2025-12-31 00:00:00,2.81,1.96,false,,,,,,,,,,,,,,,,missing_factset,Symbol not found in FactSet report,fresh,70,success,,2026-05-18 20:54:20,2026-05-18 20:56:31
2353,宏碁,TW,2353.TW,resolved,,https://hk.finance.yahoo.com/quote/2353.TW/analysis/,2026-05-18,,,0.43079,0.48137,1.66,1.89333,73336000000.0,77379000000.0,299128034660.0,306032645300.0,0.328,1.0,,2026-03-31 00:00:00,0.37218,0.23,false,,,,,,,,,,,,,,,,missing_factset,Symbol not found in FactSet report,fresh,70,success,,2026-05-18 20:54:21,2026-05-18 20:56:31
3158,嘉實,TWO,3158.TWO,fallback_to_two,,https://hk.finance.yahoo.com/quote/3158.TWO/analysis/,2026-05-18,,,,,,,0.0,0.0,0.0,0.0,,,,,,,false,,,,,,,,,,,,,,,,missing_factset,Symbol not found in FactSet report,fresh,70,success,,2026-05-18 20:54:23,2026-05-18 20:56:31
6035,悠遊卡,TWO,6035.TWO,fallback_to_two,,https://hk.finance.yahoo.com/quote/6035.TWO/analysis/,2026-05-18,,,,,,,0.0,0.0,0.0,0.0,,,,,,,false,,,,,,,,,,,,,,,,missing_factset,Symbol not found in FactSet report,fresh,70,success,,2026-05-18 20:54:25,2026-05-18 20:56:31
7722,LINEPAY,TW,7722.TW,resolved,,https://hk.finance.yahoo.com/quote/7722.TW/analysis/,2026-05-18,,,,,12.98268,17.63728,0.0,0.0,9677130510.0,12031804230.0,0.7403,,,2025-12-31 00:00:00,2.73,1.91,false,,,,,,,,,,,,,,,,missing_factset,Symbol not found in FactSet report,fresh,70,success,,2026-05-18 20:54:26,2026-05-18 20:56:31
5904,寶雅,TWO,5904.TWO,fallback_to_two,,https://hk.finance.yahoo.com/quote/5904.TWO/analysis/,2026-05-18,,,6.74203,8.77777,34.81088,37.52087,6720386740.0,7119470910.0,28056322480.0,30719506980.0,0.1861,1.0,,2026-03-31 00:00:00,7.91832,9.0,false,,,,,,,,,,,,,,,,missing_factset,Symbol not found in FactSet report,fresh,70,success,,2026-05-18 20:54:28,2026-05-18 20:56:31
6182,合晶,TWO,6182.TWO,fallback_to_two,,https://hk.finance.yahoo.com/quote/6182.TWO/analysis/,2026-05-18,,,,,,,0.0,0.0,0.0,0.0,,,,2024-12-31 00:00:00,0.27,-0.01,false,,,,,,,,,,,,,,,,missing_factset,Symbol not found in FactSet report,fresh,70,success,,2026-05-18 20:54:29,2026-05-18 20:56:31
6962,奕力-KY,TW,6962.TW,resolved,,https://hk.finance.yahoo.com/quote/6962.TW/analysis/,2026-05-18,,,,,5.51,,0.0,0.0,28270000000.0,0.0,0.9199,,,2025-12-31 00:00:00,1.17,0.27,false,,,,,,,,,,,,,,,,missing_factset,Symbol not found in FactSet report,fresh,70,success,,2026-05-18 20:54:31,2026-05-18 20:56:31
7705,三商餐飲,TW,7705.TW,resolved,,https://hk.finance.yahoo.com/quote/7705.TW/analysis/,2026-05-18,,,,,,,0.0,0.0,0.0,0.0,,,,,,,false,,,,,,,,,,,,,,,,missing_factset,Symbol not found in FactSet report,fresh,70,success,,2026-05-18 20:54:32,2026-05-18 20:56:31
3014,聯陽,TW,3014.TW,resolved,,https://hk.finance.yahoo.com/quote/3014.TW/analysis/,2026-05-18,,,,,,,0.0,0.0,0.0,0.0,,,,2021-09-30 00:00:00,2.58,3.39,false,,,,,,,,,,,,,,,,missing_factset,Symbol not found in FactSet report,fresh,70,success,,2026-05-18 20:54:33,2026-05-18 20:56:31
6720,久昌,TWO,6720.TWO,fallback_to_two,,https://hk.finance.yahoo.com/quote/6720.TWO/analysis/,2026-05-18,,,,,,,0.0,0.0,0.0,0.0,,,,,,,false,,,,,,,,,,,,,,,,missing_factset,Symbol not found in FactSet report,fresh,70,success,,2026-05-18 20:54:35,2026-05-18 20:56:31
6757,台灣虎航,TW,6757.TW,resolved,,https://hk.finance.yahoo.com/quote/6757.TW/analysis/,2026-05-18,,,0.14,0.7,3.675,5.385,4506000000.0,4384000000.0,18777500000.0,18552500000.0,-0.3144,0.0,,2026-03-31 00:00:00,2.2,2.9,false,,,,,,,,,,,,,,,,missing_factset,Symbol not found in FactSet report,fresh,70,success,,2026-05-18 20:54:36,2026-05-18 20:56:31
7794,宏碁智新,TWO,7794.TWO,fallback_to_two,,https://hk.finance.yahoo.com/quote/7794.TWO/analysis/,2026-05-18,,,0.58,0.62,2.68,3.66,260000000.0,271000000.0,1175000000.0,1336000000.0,,0.0,,,,,false,,,,,,,,,,,,,,,,missing_factset,Symbol not found in FactSet report,fresh,70,success,,2026-05-18 20:54:38,2026-05-18 20:56:31
6996,力領科技,TWO,6996.TWO,fallback_to_two,,https://hk.finance.yahoo.com/quote/6996.TWO/analysis/,2026-05-18,,,,,,,0.0,0.0,0.0,0.0,,,,2025-03-31 00:00:00,3.03,2.38,false,,,,,,,,,,,,,,,,missing_factset,Symbol not found in FactSet report,fresh,70,success,,2026-05-18 20:54:39,2026-05-18 20:56:31
8016,矽創,TW,8016.TW,resolved,,https://hk.finance.yahoo.com/quote/8016.TW/analysis/,2026-05-18,,,,,,,0.0,0.0,0.0,0.0,,,,2022-03-31 00:00:00,14.715,11.63,false,,,,,,,,,,,,,,,,missing_factset,Symbol not found in FactSet report,fresh,70,success,,2026-05-18 20:54:40,2026-05-18 20:56:31
8045,達運光電,TW,8045.TW,resolved,,https://hk.finance.yahoo.com/quote/8045.TW/analysis/,2026-05-18,,,,,,,0.0,0.0,0.0,0.0,,,,2025-12-31 00:00:00,0.24,0.21,false,,,,,,,,,,,,,,,,missing_factset,Symbol not found in FactSet report,fresh,70,success,,2026-05-18 20:54:42,2026-05-18 20:56:31
7704,明遠精密,TWO,7704.TWO,fallback_to_two,,https://hk.finance.yahoo.com/quote/7704.TWO/analysis/,2026-05-18,,,,,,,0.0,0.0,0.0,0.0,,,,2025-03-31 00:00:00,0.77,0.48,false,,,,,,,,,,,,,,,,missing_factset,Symbol not found in FactSet report,fresh,70,success,,2026-05-18 20:54:43,2026-05-18 20:56:31
6997,博弘,TWO,6997.TWO,fallback_to_two,,https://hk.finance.yahoo.com/quote/6997.TWO/analysis/,2026-05-18,,,1.37,1.35,5.55,6.53,1208000000.0,1266000000.0,4878000000.0,5311000000.0,0.0861,0.0,,2026-03-31 00:00:00,1.24,-2.31,false,,,,,,,,,,,,,,,,missing_factset,Symbol not found in FactSet report,fresh,70,success,,2026-05-18 20:54:46,2026-05-18 20:56:31
4749,新應材,TWO,4749.TWO,fallback_to_two,,https://hk.finance.yahoo.com/quote/4749.TWO/analysis/,2026-05-18,,,3.818,4.258,15.73,23.17,1404000000.0,1517200000.0,5778000000.0,7770000000.0,0.3883,0.0,,2026-03-31 00:00:00,3.204,3.66,false,,,,,,,,,,,,,,,,missing_factset,Symbol not found in FactSet report,fresh,70,success,,2026-05-18 20:54:47,2026-05-18 20:56:31
7747,昕奇雲端,TWO,7747.TWO,fallback_to_two,,https://hk.finance.yahoo.com/quote/7747.TWO/analysis/,2026-05-18,,,,,,,0.0,0.0,0.0,0.0,,,,2025-12-31 00:00:00,0.301,0.22319,false,,,,,,,,,,,,,,,,missing_factset,Symbol not found in FactSet report,fresh,70,success,,2026-05-18 20:54:49,2026-05-18 20:56:31
6123,上奇,TWO,6123.TWO,fallback_to_two,,https://hk.finance.yahoo.com/quote/6123.TWO/analysis/,2026-05-18,,,0.6,0.67,2.4,2.79,1210000000.0,1495000000.0,5158000000.0,5417000000.0,-0.1209,0.0,,2026-03-31 00:00:00,0.51,0.0,false,,,,,,,,,,,,,,,,missing_factset,Symbol not found in FactSet report,fresh,70,success,,2026-05-18 20:54:51,2026-05-18 20:56:31
6425,易發,TWO,6425.TWO,fallback_to_two,,https://hk.finance.yahoo.com/quote/6425.TWO/analysis/,2026-05-18,,,,,,,0.0,0.0,0.0,0.0,,,,,,,false,,,,,,,,,,,,,,,,missing_factset,Symbol not found in FactSet report,fresh,70,success,,2026-05-18 20:54:52,2026-05-18 20:56:31
7712,博盛半導體,TWO,7712.TWO,fallback_to_two,,https://hk.finance.yahoo.com/quote/7712.TWO/analysis/,2026-05-18,,,,,,,0.0,0.0,0.0,0.0,,,,2025-09-30 00:00:00,1.19,1.6,false,,,,,,,,,,,,,,,,missing_factset,Symbol not found in FactSet report,fresh,70,success,,2026-05-18 20:54:54,2026-05-18 20:56:31
6811,宏碁資訊,TWO,6811.TWO,fallback_to_two,,https://hk.finance.yahoo.com/quote/6811.TWO/analysis/,2026-05-18,,,4.37,3.885,16.04667,17.69,2827000000.0,2434500000.0,10382666670.0,11437000000.0,0.1175,1.0,,2026-03-31 00:00:00,4.24,4.74,false,,,,,,,,,,,,,,,,missing_factset,Symbol not found in FactSet report,fresh,70,success,,2026-05-18 20:54:56,2026-05-18 20:56:31
3029,零壹,TW,3029.TW,resolved,,https://hk.finance.yahoo.com/quote/3029.TW/analysis/,2026-05-18,,,1.94,2.12,7.66,9.47,7554000000.0,8574000000.0,31885000000.0,37829000000.0,,0.0,,2026-03-31 00:00:00,1.61,1.0,false,,,,,,,,,,,,,,,,missing_factset,Symbol not found in FactSet report,fresh,70,success,,2026-05-18 20:54:57,2026-05-18 20:56:31
6690,安碁資訊,TWO,6690.TWO,fallback_to_two,,https://hk.finance.yahoo.com/quote/6690.TWO/analysis/,2026-05-18,,,2.64,2.86,11.18,12.7,661000000.0,699000000.0,2754000000.0,3038000000.0,0.1026,1.0,,2026-03-31 00:00:00,2.13,2.0,false,,,,,,,,,,,,,,,,missing_factset,Symbol not found in FactSet report,fresh,70,success,,2026-05-18 20:54:59,2026-05-18 20:56:31
6763,綠界科技,TWO,6763.TWO,fallback_to_two,,https://hk.finance.yahoo.com/quote/6763.TWO/analysis/,2026-05-18,,,,,2.48,,0.0,0.0,1984000000.0,0.0,,,,2025-12-31 00:00:00,0.54,0.38,false,,,,,,,,,,,,,,,,missing_factset,Symbol not found in FactSet report,fresh,70,success,,2026-05-18 20:55:01,2026-05-18 20:56:31
6751,智聯服務,TWO,6751.TWO,fallback_to_two,,https://hk.finance.yahoo.com/quote/6751.TWO/analysis/,2026-05-18,,,,,,,0.0,0.0,0.0,0.0,,,,2021-03-31 00:00:00,0.41,0.49,false,,,,,,,,,,,,,,,,missing_factset,Symbol not found in FactSet report,fresh,70,success,,2026-05-18 20:55:03,2026-05-18 20:56:31
6442,光聖,TW,6442.TW,resolved,,https://hk.finance.yahoo.com/quote/6442.TW/analysis/,2026-05-18,,,13.49,18.1,62.01,130.0,4656000000.0,5397000000.0,19379000000.0,37223000000.0,,1.0,,2026-03-31 00:00:00,8.04,7.5,false,,,,,,,,,,,,,,,,missing_factset,Symbol not found in FactSet report,fresh,70,success,,2026-05-18 20:55:04,2026-05-18 20:56:31
8454,富邦媒,TW,8454.TW,resolved,,https://hk.finance.yahoo.com/quote/8454.TW/analysis/,2026-05-18,,,2.31525,1.88962,10.61,9.72308,25891303590.0,24273344500.0,107994394300.0,108057759790.0,-0.0602,0.0,,2026-03-31 00:00:00,2.24088,2.0,false,,,,,,,,,,,,,,,,missing_factset,Symbol not found in FactSet report,fresh,70,success,,2026-05-18 20:55:05,2026-05-18 20:56:31
2332,友訊,TW,2332.TW,resolved,,https://hk.finance.yahoo.com/quote/2332.TW/analysis/,2026-05-18,,,,,,,0.0,0.0,0.0,0.0,,,,2024-09-30 00:00:00,0.14,0.3,false,,,,,,,,,,,,,,,,missing_factset,Symbol not found in FactSet report,fresh,70,success,,2026-05-18 20:55:06,2026-05-18 20:56:31
7805,威聯通,TWO,7805.TWO,fallback_to_two,,https://hk.finance.yahoo.com/quote/7805.TWO/analysis/,2026-05-18,,,,,,,0.0,0.0,0.0,0.0,,,,,,,false,,,,,,,,,,,,,,,,missing_factset,Symbol not found in FactSet report,fresh,70,success,,2026-05-18 20:55:08,2026-05-18 20:56:31
5536,聖暉,TWO,5536.TWO,fallback_to_two,,https://hk.finance.yahoo.com/quote/5536.TWO/analysis/,2026-05-18,,,13.43,14.2,57.16,63.66,13483000000.0,13950000000.0,54341000000.0,59775000000.0,1.0113,1.0,,2026-03-31 00:00:00,6.98,8.07,false,,,,,,,,,,,,,,,,missing_factset,Symbol not found in FactSet report,fresh,70,success,,2026-05-18 20:55:09,2026-05-18 20:56:31
6125,廣運,TWO,6125.TWO,fallback_to_two,,https://hk.finance.yahoo.com/quote/6125.TWO/analysis/,2026-05-18,,,0.47,0.49,1.93,1.97,1007000000.0,1174000000.0,4047000000.0,4250000000.0,,0.0,,2026-03-31 00:00:00,0.46,0.16,false,,,,,,,,,,,,,,,,missing_factset,Symbol not found in FactSet report,fresh,70,success,,2026-05-18 20:55:11,2026-05-18 20:56:31
2359,所羅門,TW,2359.TW,resolved,,https://hk.finance.yahoo.com/quote/2359.TW/analysis/,2026-05-18,,,,,,,0.0,0.0,0.0,0.0,,,,2025-12-31 00:00:00,0.32,1.13,false,,,,,,,,,,,,,,,,missing_factset,Symbol not found in FactSet report,fresh,70,success,,2026-05-18 20:55:12,2026-05-18 20:56:31
6506,雙邦,TWO,6506.TWO,fallback_to_two,,https://hk.finance.yahoo.com/quote/6506.TWO/analysis/,2026-05-18,,,,,,,0.0,0.0,0.0,0.0,,,,,,,false,,,,,,,,,,,,,,,,missing_factset,Symbol not found in FactSet report,fresh,70,success,,2026-05-18 20:55:14,2026-05-18 20:56:31
3293,鈊象,TWO,3293.TWO,fallback_to_two,,https://hk.finance.yahoo.com/quote/3293.TWO/analysis/,2026-05-18,,,11.5725,11.7675,46.5325,53.43667,6374000000.0,6544000000.0,25816000000.0,29166000000.0,0.2083,2.0,,2026-03-31 00:00:00,10.8975,11.0,false,,,,,,,,,,,,,,,,missing_factset,Symbol not found in FactSet report,fresh,70,success,,2026-05-18 20:55:16,2026-05-18 20:56:31
5274,信驊,TWO,5274.TWO,fallback_to_two,,https://hk.finance.yahoo.com/quote/5274.TWO/analysis/,2026-05-18,,,49.41641,51.69696,181.85933,288.10248,4028712360.0,4378353720.0,15546188460.0,23530276870.0,0.7532,5.0,,2026-03-31 00:00:00,35.62188,37.0,true,,8.6,175.29,6.56933,0.037477,273.73,14.37248,0.052506,15138200000.0,407988460.0,0.026951,22640680000.0,889596870.0,0.039292,revenue_current_year=1000; revenue_next_year=1000,matched,,fresh,85,success,,2026-05-18 20:55:17,2026-05-18 20:56:31
2603,長榮,TW,2603.TW,resolved,,https://hk.finance.yahoo.com/quote/2603.TW/analysis/,2026-05-18,,,6.5425,8.915,25.92696,19.42523,93046400000.0,99422600000.0,395515043820.0,382239718320.0,-0.1806,0.0,,2026-03-31 00:00:00,4.6,3.83,false,,,,,,,,,,,,,,,,missing_factset,Symbol not found in FactSet report,fresh,70,success,,2026-05-18 20:55:19,2026-05-18 20:56:31
7547,碩網,TWO,7547.TWO,fallback_to_two,,https://hk.finance.yahoo.com/quote/7547.TWO/analysis/,2026-05-18,,,,,,,0.0,0.0,0.0,0.0,,,,2025-09-30 00:00:00,0.78,1.05,false,,,,,,,,,,,,,,,,missing_factset,Symbol not found in FactSet report,fresh,70,success,,2026-05-18 20:55:20,2026-05-18 20:56:31
7734,印能科技,TWO,7734.TWO,fallback_to_two,,https://hk.finance.yahoo.com/quote/7734.TWO/analysis/,2026-05-18,,,20.53,20.75,77.19,106.88,1221000000.0,1244000000.0,4606000000.0,6139000000.0,,0.0,,2026-03-31 00:00:00,16.65,6.88,false,,,,,,,,,,,,,,,,missing_factset,Symbol not found in FactSet report,fresh,70,success,,2026-05-18 20:55:22,2026-05-18 20:56:31
7736,虎山,TW,7736.TW,resolved,,https://hk.finance.yahoo.com/quote/7736.TW/analysis/,2026-05-18,,,,,,,0.0,0.0,0.0,0.0,,,,2025-06-30 00:00:00,1.41,0.28,false,,,,,,,,,,,,,,,,missing_factset,Symbol not found in FactSet report,fresh,70,success,,2026-05-18 20:55:23,2026-05-18 20:56:31
7728,光焱科技,TWO,7728.TWO,fallback_to_two,,https://hk.finance.yahoo.com/quote/7728.TWO/analysis/,2026-05-18,,,,,,,0.0,0.0,0.0,0.0,,,,2025-06-30 00:00:00,1.55,0.17,false,,,,,,,,,,,,,,,,missing_factset,Symbol not found in FactSet report,fresh,70,success,,2026-05-18 20:55:25,2026-05-18 20:56:31
7732,金興精密,TW,7732.TW,resolved,,https://hk.finance.yahoo.com/quote/7732.TW/analysis/,2026-05-18,,,,,,,0.0,0.0,0.0,0.0,,,,,,,false,,,,,,,,,,,,,,,,missing_factset,Symbol not found in FactSet report,fresh,70,success,,2026-05-18 20:55:26,2026-05-18 20:56:31
7769,鴻勁,TW,7769.TW,resolved,,https://hk.finance.yahoo.com/quote/7769.TW/analysis/,2026-05-18,,,29.04,33.58,126.37,204.82758,13103000000.0,14994000000.0,55604000000.0,85612604720.0,0.6729,2.0,,2026-03-31 00:00:00,25.53311,25.67,false,,,,,,,,,,,,,,,,missing_factset,Symbol not found in FactSet report,fresh,70,success,,2026-05-18 20:55:27,2026-05-18 20:56:31
2383,台光電,TW,2383.TW,resolved,,https://hk.finance.yahoo.com/quote/2383.TW/analysis/,2026-05-18,,,20.57827,24.21755,87.5758,152.14429,39249643680.0,43141222310.0,162984888120.0,250736018720.0,1.1017,0.0,,2026-03-31 00:00:00,15.07732,14.0,true,,9.4,84.84,2.7358,0.032247,157.83,-5.68571,-0.036024,160904990000.0,2079898120.0,0.012926,253684130000.0,-2948111280.0,-0.011621,revenue_current_year=1000; revenue_next_year=1000,matched,,fresh,85,success,,2026-05-18 20:55:28,2026-05-18 20:56:31
7709,榮田,TWO,7709.TWO,fallback_to_two,,https://hk.finance.yahoo.com/quote/7709.TWO/analysis/,2026-05-18,,,,,,,0.0,0.0,0.0,0.0,,,,,,,false,,,,,,,,,,,,,,,,missing_factset,Symbol not found in FactSet report,fresh,70,success,,2026-05-18 20:55:30,2026-05-18 20:56:31
7713,威力德生醫,TWO,7713.TWO,fallback_to_two,,https://hk.finance.yahoo.com/quote/7713.TWO/analysis/,2026-05-18,,,,,,,0.0,0.0,0.0,0.0,,,,,,,false,,,,,,,,,,,,,,,,missing_factset,Symbol not found in FactSet report,fresh,70,success,,2026-05-18 20:55:32,2026-05-18 20:56:31
3260,威剛,TWO,3260.TWO,fallback_to_two,,https://hk.finance.yahoo.com/quote/3260.TWO/analysis/,2026-05-18,,,32.48,25.55,105.97,44.64,34454000000.0,38469000000.0,140655000000.0,131319000000.0,3.6114,1.0,,2026-03-31 00:00:00,28.93,13.02,false,,,,,,,,,,,,,,,,missing_factset,Symbol not found in FactSet report,fresh,70,success,,2026-05-18 20:55:34,2026-05-18 20:56:31
4114,健喬,TWO,4114.TWO,fallback_to_two,,https://hk.finance.yahoo.com/quote/4114.TWO/analysis/,2026-05-18,,,,,,,0.0,0.0,0.0,0.0,,,,2025-09-30 00:00:00,0.62,0.41,false,,,,,,,,,,,,,,,,missing_factset,Symbol not found in FactSet report,fresh,70,success,,2026-05-18 20:55:35,2026-05-18 20:56:31
3467,台灣精材,TWO,3467.TWO,fallback_to_two,,https://hk.finance.yahoo.com/quote/3467.TWO/analysis/,2026-05-18,,,,,,,0.0,0.0,0.0,0.0,,,,,,,false,,,,,,,,,,,,,,,,missing_factset,Symbol not found in FactSet report,fresh,70,success,,2026-05-18 20:55:37,2026-05-18 20:56:31
7737,凱鈿,TWO,7737.TWO,fallback_to_two,,https://hk.finance.yahoo.com/quote/7737.TWO/analysis/,2026-05-18,,,,,,,0.0,0.0,0.0,0.0,,,,,,,false,,,,,,,,,,,,,,,,missing_factset,Symbol not found in FactSet report,fresh,70,success,,2026-05-18 20:55:39,2026-05-18 20:56:31
6597,立誠,TWO,6597.TWO,fallback_to_two,,https://hk.finance.yahoo.com/quote/6597.TWO/analysis/,2026-05-18,,,,,,,0.0,0.0,0.0,0.0,,,,2025-09-30 00:00:00,1.63,1.21,false,,,,,,,,,,,,,,,,missing_factset,Symbol not found in FactSet report,fresh,70,success,,2026-05-18 20:55:40,2026-05-18 20:56:31
6850,光鼎生技,TWO,6850.TWO,fallback_to_two,,https://hk.finance.yahoo.com/quote/6850.TWO/analysis/,2026-05-18,,,,,,,0.0,0.0,0.0,0.0,,,,,,,false,,,,,,,,,,,,,,,,missing_factset,Symbol not found in FactSet report,fresh,70,success,,2026-05-18 20:55:42,2026-05-18 20:56:31
6902,GOGOLOOK,TW,6902.TW,resolved,,https://hk.finance.yahoo.com/quote/6902.TW/analysis/,2026-05-18,,,1.24,1.38,5.46,7.94,306000000.0,321000000.0,1277000000.0,1457000000.0,,1.0,,2026-03-31 00:00:00,1.27,1.64,false,,,,,,,,,,,,,,,,missing_factset,Symbol not found in FactSet report,fresh,70,success,,2026-05-18 20:55:43,2026-05-18 20:56:31
6918,愛派司,TW,6918.TW,resolved,,https://hk.finance.yahoo.com/quote/6918.TW/analysis/,2026-05-18,,,,,,,0.0,0.0,0.0,0.0,,,,,,,false,,,,,,,,,,,,,,,,missing_factset,Symbol not found in FactSet report,fresh,70,success,,2026-05-18 20:55:44,2026-05-18 20:56:31
6925,意藍,TWO,6925.TWO,fallback_to_two,,https://hk.finance.yahoo.com/quote/6925.TWO/analysis/,2026-05-18,,,,,,,0.0,0.0,0.0,0.0,,,,,,,false,,,,,,,,,,,,,,,,missing_factset,Symbol not found in FactSet report,fresh,70,success,,2026-05-18 20:55:46,2026-05-18 20:56:31
7749,意騰-KY,TW,7749.TW,resolved,,https://hk.finance.yahoo.com/quote/7749.TW/analysis/,2026-05-18,,,4.06,4.95,16.48,,588000000.0,642000000.0,2321000000.0,0.0,,0.0,,2026-03-31 00:00:00,3.05,,false,,,,,,,,,,,,,,,,missing_factset,Symbol not found in FactSet report,fresh,70,success,,2026-05-18 20:55:47,2026-05-18 20:56:31
2449,京元電子,TW,2449.TW,resolved,,https://hk.finance.yahoo.com/quote/2449.TW/analysis/,2026-05-18,,,2.17644,2.63647,9.7949,15.17573,11271301870.0,13139367290.0,47805693580.0,69777036330.0,0.092,0.0,,2026-03-31 00:00:00,1.87887,1.86,true,,8.9,9.78,0.0149,0.001524,15.09,0.08573,0.005681,49464960000.0,-1659266420.0,-0.033544,70138660000.0,-361623670.0,-0.005156,revenue_current_year=1000; revenue_next_year=1000,matched,,fresh,85,success,,2026-05-18 20:55:49,2026-05-18 20:56:31
2345,智邦,TW,2345.TW,resolved,,https://hk.finance.yahoo.com/quote/2345.TW/analysis/,2026-05-18,,,17.30645,22.55506,78.98523,99.22538,84513645410.0,102099363950.0,372881363560.0,469317362000.0,0.6881,2.0,,2026-03-31 00:00:00,13.87,14.92,true,,8.9,71.51,7.47523,0.104534,100.33,-1.10462,-0.01101,349251650000.0,23629713560.0,0.067658,460102000000.0,9215362000.0,0.020029,revenue_current_year=1000; revenue_next_year=1000,matched,,fresh,85,success,,2026-05-18 20:55:50,2026-05-18 20:56:31
6510,精測,TWO,6510.TWO,fallback_to_two,,https://hk.finance.yahoo.com/quote/6510.TWO/analysis/,2026-05-18,,,12.76071,20.91606,68.46013,113.51324,1570470910.0,2084863740.0,7357395480.0,11489703630.0,1.2557,3.0,,2026-03-31 00:00:00,8.7517,10.0,false,,,,,,,,,,,,,,,,missing_factset,Symbol not found in FactSet report,fresh,70,success,,2026-05-18 20:55:52,2026-05-18 20:56:31
3661,世芯-KY,TW,3661.TW,resolved,,https://hk.finance.yahoo.com/quote/3661.TW/analysis/,2026-05-18,,,22.77338,41.72104,134.85953,177.91441,8940325520.0,25381551640.0,70657593810.0,114051466760.0,0.9976,1.0,,2026-03-31 00:00:00,13.77605,17.23,true,,9.2,130.73,4.12953,0.031588,173.33,4.58441,0.026449,73452590000.0,-2794996190.0,-0.038052,110417540000.0,3633926760.0,0.032911,revenue_current_year=1000; revenue_next_year=1000,matched,,fresh,85,success,,2026-05-18 20:55:53,2026-05-18 20:56:31
2881,富邦金,TW,2881.TW,resolved,,https://hk.finance.yahoo.com/quote/2881.TW/analysis/,2026-05-18,,,2.87,1.9,8.51554,8.34796,107446421670.0,90648892670.0,384497555620.0,396032642700.0,0.0174,0.0,,2025-12-31 00:00:00,1.435,2.14,true,,8.6,8.42,0.09554,0.011347,8.41,-0.06204,-0.007377,379090840000.0,5406715620.0,0.014262,323713720000.0,72318922700.0,0.223404,revenue_current_year=1000; revenue_next_year=1000,large_diff,revenue_next_year diff_pct=0.2234,large_diff,60,success,,2026-05-18 20:55:54,2026-05-18 20:56:31
2882,國泰金,TW,2882.TW,resolved,,https://hk.finance.yahoo.com/quote/2882.TW/analysis/,2026-05-18,,,2.305,1.97,7.25726,7.85024,110242262000.0,98580665330.0,393558403330.0,394368160000.0,0.0279,0.0,,2025-12-31 00:00:00,1.46,2.22,true,,8.9,7.52,-0.26274,-0.034939,7.64,0.21024,0.027518,428361160000.0,-34802756670.0,-0.081246,465080210000.0,-70712050000.0,-0.152043,revenue_current_year=1000; revenue_next_year=1000,matched,,fresh,85,success,,2026-05-18 20:55:55,2026-05-18 20:56:31
2891,中信金,TW,2891.TW,resolved,,https://hk.finance.yahoo.com/quote/2891.TW/analysis/,2026-05-18,,,0.93667,1.24333,4.2708,4.53445,49990000000.0,59115000000.0,228566110860.0,241142145450.0,0.0519,0.0,,2026-03-31 00:00:00,1.1,1.01,true,,8.9,4.06,0.2108,0.051921,4.24,0.29445,0.069446,220940820000.0,7625290860.0,0.034513,221445740000.0,19696405450.0,0.088945,revenue_current_year=1000; revenue_next_year=1000,matched,,fresh,85,success,,2026-05-18 20:55:56,2026-05-18 20:56:31
2884,玉山金,TW,2884.TW,resolved,,https://hk.finance.yahoo.com/quote/2884.TW/analysis/,2026-05-18,,,0.605,0.64,2.42135,2.5374,22764000000.0,25334000000.0,102949657070.0,109418527010.0,0.1421,1.0,,2026-03-31 00:00:00,0.62,0.62,true,,8.8,2.4,0.02135,0.008896,2.52,0.0174,0.006905,110174250000.0,-7224592930.0,-0.065574,123927480000.0,-14508952990.0,-0.117076,revenue_current_year=1000; revenue_next_year=1000,matched,,fresh,85,success,,2026-05-18 20:55:57,2026-05-18 20:56:31
3711,日月光投控,TW,3711.TW,resolved,,https://hk.finance.yahoo.com/quote/3711.TW/analysis/,2026-05-18,,,3.82081,4.70737,16.9842,23.28024,189190693550.0,209411197000.0,791848624730.0,930606124060.0,0.9105,10.0,,2026-03-31 00:00:00,2.71692,3.08,true,,9.7,15.57,1.4142,0.090829,22.64,0.64024,0.028279,771559290000.0,20289334730.0,0.026297,912268850000.0,18337274060.0,0.020101,revenue_current_year=1000; revenue_next_year=1000,matched,,fresh,85,success,,2026-05-18 20:55:59,2026-05-18 20:56:31
2408,南亞科,TW,2408.TW,resolved,,https://hk.finance.yahoo.com/quote/2408.TW/analysis/,2026-05-18,,,11.11298,12.1644,43.0718,47.70781,65867494000.0,71090319250.0,255980741080.0,298317889770.0,19.2215,1.0,,2026-03-31 00:00:00,6.85744,8.0,true,,9.2,41.91,1.1618,0.027721,47.53,0.17781,0.003741,245822730000.0,10158011080.0,0.041323,288080300000.0,10237589770.0,0.035537,revenue_current_year=1000; revenue_next_year=1000,matched,,fresh,85,success,,2026-05-18 20:56:00,2026-05-18 20:56:31
2360,致茂,TW,2360.TW,resolved,,https://hk.finance.yahoo.com/quote/2360.TW/analysis/,2026-05-18,,,10.06873,10.65233,40.29759,54.2485,12063211060.0,12573984360.0,49535843860.0,62622100750.0,0.4648,8.0,,2026-03-31 00:00:00,8.92148,9.07,true,,9.2,36.59,3.70759,0.101328,50.5,3.7485,0.074228,46037380000.0,3498463860.0,0.075992,59549270000.0,3072830750.0,0.051601,revenue_current_year=1000; revenue_next_year=1000,matched,,fresh,85,success,,2026-05-18 20:56:01,2026-05-18 20:56:31
3653,健策,TW,3653.TW,resolved,,https://hk.finance.yahoo.com/quote/3653.TW/analysis/,2026-05-18,,,10.8829,15.82279,57.65183,128.2655,5970333330.0,7569000000.0,30320222540.0,55248091970.0,0.5952,2.0,,2026-03-31 00:00:00,9.6143,9.76,false,,,,,,,,,,,,,,,,missing_factset,Symbol not found in FactSet report,fresh,70,success,,2026-05-18 20:56:02,2026-05-18 20:56:31
3665,貿聯-KY,TW,3665.TW,resolved,,https://hk.finance.yahoo.com/quote/3665.TW/analysis/,2026-05-18,,,15.36645,18.46046,67.73402,106.11578,22777431760.0,25029629370.0,95966892420.0,128691537850.0,0.462,2.0,,2026-03-31 00:00:00,13.12604,11.61,true,,8.9,67.9,-0.16598,-0.002444,85.55,20.56578,0.240395,91206270000.0,4760622420.0,0.052196,109443430000.0,19248107850.0,0.175873,revenue_current_year=1000; revenue_next_year=1000,large_diff,eps_next_year diff_pct=0.2404,large_diff,60,success,,2026-05-18 20:56:03,2026-05-18 20:56:31
0000,台灣加權指數,TW,,skipped_index,,,2026-05-18,,,,,,,,,,,,,,,,,false,,,,,,,,,,,,,,,,missing_factset,Symbol not found in FactSet report,missing,0,skipped_index,Index symbol is skipped for Yahoo Finance analyst analysis,2026-05-18 20:56:04,2026-05-18 20:56:31
2344,華邦電,TW,2344.TW,resolved,,https://hk.finance.yahoo.com/quote/2344.TW/analysis/,2026-05-18,,,4.26848,5.60962,18.65994,22.82243,53789276030.0,62821192750.0,229251319340.0,279975879740.0,20.2045,3.0,,2026-03-31 00:00:00,1.89076,2.0,true,,8.5,18.23,0.42994,0.023584,28.12,-5.29757,-0.188392,226952770000.0,2298549340.0,0.010128,327197040000.0,-47221160260.0,-0.14432,revenue_current_year=1000; revenue_next_year=1000,matched,,fresh,85,success,,2026-05-18 20:56:06,2026-05-18 20:56:31
2337,旺宏,TW,2337.TW,resolved,,https://hk.finance.yahoo.com/quote/2337.TW/analysis/,2026-05-18,,,2.59482,4.42996,14.86987,35.05413,16689677720.0,21539153940.0,74274393230.0,133623185880.0,9.4011,3.0,,2026-03-31 00:00:00,0.40433,0.9,true,,8.2,11.26,3.60987,0.320592,31.28,3.77413,0.120656,69873180000.0,4401213230.0,0.062989,128883220000.0,4739965880.0,0.036777,revenue_current_year=1000; revenue_next_year=1000,large_diff,eps_current_year diff_pct=0.3206,large_diff,60,success,,2026-05-18 20:56:07,2026-05-18 20:56:31
3443,創意,TW,3443.TW,resolved,,https://hk.finance.yahoo.com/quote/3443.TW/analysis/,2026-05-18,,,9.49064,11.69167,46.53542,88.82492,12028492340.0,14292088980.0,53257845210.0,98076070980.0,0.6543,3.0,,2026-03-31 00:00:00,8.46802,12.28,true,,8.8,46.69,-0.15458,-0.003311,92.86,-4.03508,-0.043453,55963680000.0,-2705834790.0,-0.04835,105366130000.0,-7290059020.0,-0.069188,revenue_current_year=1000; revenue_next_year=1000,matched,,fresh,85,success,,2026-05-18 20:56:08,2026-05-18 20:56:31
TSM,Taiwan Semiconductor Manufacturing Company Limited,US,TSM,resolved,TSMC概念,https://hk.finance.yahoo.com/quote/TSM/analysis/,2026-05-18,,,3.73677,4.08009,15.4503,19.29218,1261174293350.0,1370889330220.0,5158707056590.0,6498295507620.0,0.4507,3.0,,2026-03-31 00:00:00,3.33393,3.49,false,,,,,,,,,,,,,,,,missing_factset,Symbol not found in FactSet report,fresh,70,success,,2026-05-18 20:56:09,2026-05-18 20:56:31
NVDA,NVIDIA Corporation,US,NVDA,resolved,nVidia概念,https://hk.finance.yahoo.com/quote/NVDA/analysis/,2026-05-18,,,1.78058,1.96129,8.38125,11.42982,79166935860.0,87057530280.0,372514075050.0,491623985350.0,0.7571,1.0,,2026-01-31 00:00:00,1.53812,1.62,false,,,,,,,,,,,,,,,,missing_factset,Symbol not found in FactSet report,fresh,70,success,,2026-05-18 20:56:11,2026-05-18 20:56:31
AVGO,Broadcom Inc.,US,AVGO,resolved,Broadcom概念,https://hk.finance.yahoo.com/quote/AVGO/analysis/,2026-05-18,,,2.39057,3.24321,11.43146,18.28975,22084051860.0,28990074330.0,104407668260.0,159906901350.0,0.6762,2.0,,2026-01-31 00:00:00,2.02326,2.05,false,,,,,,,,,,,,,,,,missing_factset,Symbol not found in FactSet report,fresh,70,success,,2026-05-18 20:56:12,2026-05-18 20:56:31
GOOGL,Alphabet Inc.,US,GOOGL,resolved,Google概念,https://hk.finance.yahoo.com/quote/GOOGL/analysis/,2026-05-18,,,2.87476,3.00575,14.22259,14.41548,116807911010.0,123399877050.0,486697426020.0,574693841270.0,0.3164,31.0,,2026-03-31 00:00:00,2.66714,5.11,false,,,,,,,,,,,,,,,,missing_factset,Symbol not found in FactSet report,fresh,70,success,,2026-05-18 20:56:13,2026-05-18 20:56:31
AMZN,Amazon.com Inc.,US,AMZN,resolved,Amazon概念,https://hk.finance.yahoo.com/quote/AMZN/analysis/,2026-05-18,,,1.81881,1.91511,8.60388,9.87264,195548762900.0,204533603720.0,822549627580.0,927846089480.0,0.2032,4.0,,2026-03-31 00:00:00,1.65303,2.78,false,,,,,,,,,,,,,,,,missing_factset,Symbol not found in FactSet report,fresh,70,success,,2026-05-18 20:56:14,2026-05-18 20:56:31
META,Meta Platforms Inc.,US,META,resolved,Meta概念,https://hk.finance.yahoo.com/quote/META/analysis/,2026-05-18,,,7.2298,7.05075,32.82425,34.7316,60218292050.0,63163348610.0,252998838390.0,301635766990.0,0.0883,20.0,,2026-03-31 00:00:00,6.65872,10.44,false,,,,,,,,,,,,,,,,missing_factset,Symbol not found in FactSet report,fresh,70,success,,2026-05-18 20:56:15,2026-05-18 20:56:31
-,OpenAI,US,-,skipped_private_or_missing_ticker,OpenAI概念,https://hk.finance.yahoo.com/quote/-/analysis/,2026-05-18,,,,,,,,,,,,,,,,,false,,,,,,,,,,,,,,,,missing_factset,Symbol not found in FactSet report,missing,0,skipped_private_or_missing_ticker,Private company or missing ticker,2026-05-18 20:56:16,2026-05-18 20:56:31
MSFT,Microsoft Corporation,US,MSFT,resolved,Microsoft概念,https://hk.finance.yahoo.com/quote/MSFT/analysis/,2026-05-18,,,4.24422,4.62868,16.84516,19.37103,87656186510.0,89673341310.0,329500574720.0,383995894590.0,0.235,10.0,,2026-03-31 00:00:00,4.05827,4.27,false,,,,,,,,,,,,,,,,missing_factset,Symbol not found in FactSet report,fresh,70,success,,2026-05-18 20:56:17,2026-05-18 20:56:31
AMD,Advanced Micro Devices,US,AMD,resolved,AMD概念,https://hk.finance.yahoo.com/quote/AMD/analysis/,2026-05-18,,,1.60552,1.80348,7.36111,12.95421,11279626260.0,12360498540.0,49284409200.0,75265914110.0,0.7653,32.0,,2026-03-31 00:00:00,1.29468,1.37,false,,,,,,,,,,,,,,,,missing_factset,Symbol not found in FactSet report,fresh,70,success,,2026-05-18 20:56:19,2026-05-18 20:56:31
AAPL,Apple Inc.,US,AAPL,resolved,Apple概念,https://hk.finance.yahoo.com/quote/AAPL/analysis/,2026-05-18,,,1.89541,2.01074,8.73895,9.63284,109015606590.0,114207466420.0,477947071220.0,516627510720.0,0.1708,24.0,,2026-03-31 00:00:00,1.94275,2.01,false,,,,,,,,,,,,,,,,missing_factset,Symbol not found in FactSet report,fresh,70,success,,2026-05-18 20:56:20,2026-05-18 20:56:31
ORCL,Oracle Corporation,US,ORCL,resolved,Oracle概念,https://hk.finance.yahoo.com/quote/ORCL/analysis/,2026-05-18,,,1.95927,1.67629,7.45245,8.03251,19096000930.0,19029833030.0,67233466140.0,88654213350.0,0.2359,0.0,,2026-02-28 00:00:00,1.69362,1.79,false,,,,,,,,,,,,,,,,missing_factset,Symbol not found in FactSet report,fresh,70,success,,2026-05-18 20:56:21,2026-05-18 20:56:31
MU,Micron Technology,US,MU,resolved,Micro概念,https://hk.finance.yahoo.com/quote/MU/analysis/,2026-05-18,,,19.19677,22.75123,58.10855,102.5821,33475564860.0,39019074590.0,109121196840.0,171545796830.0,6.0095,0.0,,2026-02-28 00:00:00,9.15866,12.2,false,,,,,,,,,,,,,,,,missing_factset,Symbol not found in FactSet report,fresh,70,success,,2026-05-18 20:56:22,2026-05-18 20:56:31
WDC,Western Digital,US,WDC,resolved,SanDisk概念,https://hk.finance.yahoo.com/quote/WDC/analysis/,2026-05-18,,,3.27229,3.59173,9.92601,17.42049,3677476980.0,3945268940.0,12864858720.0,17595742160.0,1.0134,16.0,,2026-03-31 00:00:00,2.3949,2.72,false,,,,,,,,,,,,,,,,missing_factset,Symbol not found in FactSet report,fresh,70,success,,2026-05-18 20:56:23,2026-05-18 20:56:31
QCOM,Qualcomm Inc.,US,QCOM,resolved,Qualcomm概念,https://hk.finance.yahoo.com/quote/QCOM/analysis/,2026-05-18,,,2.22835,2.34996,10.79628,10.63617,9660486720.0,9973332160.0,42447856150.0,42463997880.0,-0.1026,0.0,,2026-03-31 00:00:00,2.55842,2.65,false,,,,,,,,,,,,,,,,missing_factset,Symbol not found in FactSet report,fresh,70,success,,2026-05-18 20:56:25,2026-05-18 20:56:31
LNVGY,Lenovo Group ADR,US,LNVGY,resolved,Lenovo概念,https://hk.finance.yahoo.com/quote/LNVGY/analysis/,2026-05-18,,,,,2.24013,2.29044,19018731630.0,20153720080.0,80372905970.0,86813999370.0,0.0547,,,,,,false,,,,,,,,,,,,,,,,missing_factset,Symbol not found in FactSet report,fresh,70,success,,2026-05-18 20:56:26,2026-05-18 20:56:31
DELL,Dell Technologies,US,DELL,resolved,Dell概念,https://hk.finance.yahoo.com/quote/DELL/analysis/,2026-05-18,,,2.9412,2.93761,12.94754,14.75624,35591958750.0,35088871340.0,141946031800.0,153008496970.0,0.257,3.0,,2026-01-31 00:00:00,3.51279,3.89,false,,,,,,,,,,,,,,,,missing_factset,Symbol not found in FactSet report,fresh,70,success,,2026-05-18 20:56:27,2026-05-18 20:56:31
HPQ,HP Inc.,US,HPQ,resolved,HPQ概念,https://hk.finance.yahoo.com/quote/HPQ/analysis/,2026-05-18,,,0.71437,0.6272,2.8875,2.97439,14070932050.0,13833060470.0,56561247930.0,56770181210.0,-0.0745,1.0,,2026-01-31 00:00:00,0.76695,0.81,false,,,,,,,,,,,,,,,,missing_factset,Symbol not found in FactSet report,fresh,70,success,,2026-05-18 20:56:28,2026-05-18 20:56:31
HPE,Hewlett Packard Enterprise Co.,US,HPE,resolved,HPE概念,https://hk.finance.yahoo.com/quote/HPE/analysis/,2026-05-18,,,0.53404,0.57298,2.41909,2.72528,9756486380.0,10862480090.0,40814546700.0,43074184770.0,0.247,0.0,,2026-01-31 00:00:00,0.58689,0.65,false,,,,,,,,,,,,,,,,missing_factset,Symbol not found in FactSet report,fresh,70,success,,2026-05-18 20:56:29,2026-05-18 20:56:31
